Keycode,period,"echo_TX_CURR_N_Age_Sex_HIVStatus | <1, Male, Positive","echo_TX_CURR_N_Age_Sex_HIVStatus | 1-4, Male, Positive","echo_TX_CURR_N_Age_Sex_HIVStatus | 5-9, Male, Positive","echo_TX_CURR_N_Age_Sex_HIVStatus | 10-14, Male, Positive","echo_TX_CURR_N_Age_Sex_HIVStatus | 15-19, Male, Positive","echo_TX_CURR_N_Age_Sex_HIVStatus | 20-24, Male, Positive","echo_TX_CURR_N_Age_Sex_HIVStatus | 25-29, Male, Positive","echo_TX_CURR_N_Age_Sex_HIVStatus | 30-34, Male, Positive","echo_TX_CURR_N_Age_Sex_HIVStatus | 35-39, Male, Positive","echo_TX_CURR_N_Age_Sex_HIVStatus | 40-44, Male, Positive","echo_TX_CURR_N_Age_Sex_HIVStatus | 45-49, Male, Positive","echo_TX_CURR_N_Age_Sex_HIVStatus | 50-54, Male, Positive","echo_TX_CURR_N_Age_Sex_HIVStatus | 55-59, Male, Positive","echo_TX_CURR_N_Age_Sex_HIVStatus | 60-64, Male, Positive","echo_TX_CURR_N_Age_Sex_HIVStatus | 65+, Male, Positive","echo_TX_CURR_N_Age_Sex_HIVStatus | Unknown Age, Male, Positive","echo_TX_CURR_N_Age_Sex_HIVStatus | <1, Female, Positive","echo_TX_CURR_N_Age_Sex_HIVStatus | 1-4, Female, Positive","echo_TX_CURR_N_Age_Sex_HIVStatus | 5-9, Female, Positive","echo_TX_CURR_N_Age_Sex_HIVStatus | 10-14, Female, Positive","echo_TX_CURR_N_Age_Sex_HIVStatus | 15-19, Female, Positive","echo_TX_CURR_N_Age_Sex_HIVStatus | 20-24, Female, Positive","echo_TX_CURR_N_Age_Sex_HIVStatus | 25-29, Female, Positive","echo_TX_CURR_N_Age_Sex_HIVStatus | 30-34, Female, Positive","echo_TX_CURR_N_Age_Sex_HIVStatus | 35-39, Female, Positive","echo_TX_CURR_N_Age_Sex_HIVStatus | 40-44, Female, Positive","echo_TX_CURR_N_Age_Sex_HIVStatus | 45-49, Female, Positive","echo_TX_CURR_N_Age_Sex_HIVStatus | 50-54, Female, Positive","echo_TX_CURR_N_Age_Sex_HIVStatus | 55-59, Female, Positive","echo_TX_CURR_N_Age_Sex_HIVStatus | 60-64, Female, Positive","echo_TX_CURR_N_Age_Sex_HIVStatus | 65+, Female, Positive","echo_TX_CURR_N_Age_Sex_HIVStatus | Unknown Age, Female, Positive","echo_TX_CURR_N_KeyPop_HIVStatus | PWID, Positive","echo_TX_CURR_N_KeyPop_HIVStatus | MSM, Positive","echo_TX_CURR_N_KeyPop_HIVStatus | FSW, Positive","echo_TX_CURR_N_KeyPop_HIVStatus | People in prisons and other enclosed settings, Positive","echo_TX_CURR_N_Age_Sex_ARVDispense_HIVStatus | <15, Male, ARV Dispensing Quantity - Less than 3 months, Positive","echo_TX_CURR_N_Age_Sex_ARVDispense_HIVStatus | 15+, Male, ARV Dispensing Quantity - Less than 3 months, Positive","echo_TX_CURR_N_Age_Sex_ARVDispense_HIVStatus | Unknown Age, Male, ARV Dispensing Quantity - Less than 3 months, Positive","echo_TX_CURR_N_Age_Sex_ARVDispense_HIVStatus | <15, Female, ARV Dispensing Quantity - Less than 3 months, Positive","echo_TX_CURR_N_Age_Sex_ARVDispense_HIVStatus | 15+, Female, ARV Dispensing Quantity - Less than 3 months, Positive","echo_TX_CURR_N_Age_Sex_ARVDispense_HIVStatus | Unknown Age, Female, ARV Dispensing Quantity - Less than 3 months, Positive","echo_TX_CURR_N_Age_Sex_ARVDispense_HIVStatus | <15, Male, ARV Dispensing Quantity - 3 to 5 months, Positive","echo_TX_CURR_N_Age_Sex_ARVDispense_HIVStatus | 15+, Male, ARV Dispensing Quantity - 3 to 5 months, Positive","echo_TX_CURR_N_Age_Sex_ARVDispense_HIVStatus | Unknown Age, Male, ARV Dispensing Quantity - 3 to 5 months, Positive","echo_TX_CURR_N_Age_Sex_ARVDispense_HIVStatus | <15, Female, ARV Dispensing Quantity - 3 to 5 months, Positive","echo_TX_CURR_N_Age_Sex_ARVDispense_HIVStatus | 15+, Female, ARV Dispensing Quantity - 3 to 5 months, Positive","echo_TX_CURR_N_Age_Sex_ARVDispense_HIVStatus | Unknown Age, Female, ARV Dispensing Quantity - 3 to 5 months, Positive","echo_TX_CURR_N_Age_Sex_ARVDispense_HIVStatus | <15, Male, ARV Dispensing Quantity - 6 or more months, Positive","echo_TX_CURR_N_Age_Sex_ARVDispense_HIVStatus | 15+, Male, ARV Dispensing Quantity - 6 or more months, Positive","echo_TX_CURR_N_Age_Sex_ARVDispense_HIVStatus | Unknown Age, Male, ARV Dispensing Quantity - 6 or more months, Positive","echo_TX_CURR_N_Age_Sex_ARVDispense_HIVStatus | <15, Female, ARV Dispensing Quantity - 6 or more months, Positive","echo_TX_CURR_N_Age_Sex_ARVDispense_HIVStatus | 15+, Female, ARV Dispensing Quantity - 6 or more months, Positive","echo_TX_CURR_N_Age_Sex_ARVDispense_HIVStatus | Unknown Age, Female, ARV Dispensing Quantity - 6 or more months, Positive",TX_NEW_D_2MONTHS_All Patients,TX_NEW_D_2MONTHS_Pregnant Women,TX_NEW_D_2MONTHS_Breastfeeding,TX_NEW_D_2MONTHS_Children (0-14 Yrs),TX_NEW_D_2MONTHS_Non-Pregnant Adults
200499,202203,4,26,65,87,126,85,218,365,500,743,537,269,194,163,133,0,3,22,55,80,58,431,885,1010,961,469,358,352,213,139,100,0,1,79,73,0,42,907,0,46,1948,0,118,1905,0,136,3548,0,0,0,0,0,0,0,100,17,3,1,79
340078,202203,2,6,13,4,16,14,29,94,94,80,25,21,15,6,4,0,0,3,12,3,1,106,228,205,131,62,30,18,4,5,4,0,2,1,0,1,9,35,0,13,211,0,9,335,0,12,611,0,0,0,0,0,0,0,20,2,0,0,18
338288,202203,0,5,8,10,17,5,27,54,58,59,27,11,4,3,2,0,0,2,9,6,4,57,135,125,90,43,35,23,10,6,3,0,0,0,0,2,5,42,0,8,144,0,12,204,0,15,408,0,0,0,0,0,0,0,21,4,0,0,17
201696,202203,5,32,53,53,74,51,168,334,347,414,237,124,88,60,39,0,5,22,63,40,35,417,716,817,691,282,186,148,98,54,43,0,1,130,57,1,70,310,0,68,1238,0,60,1404,0,75,2469,0,0,0,0,0,0,0,65,24,0,4,38
360175,202203,2,9,12,3,16,2,21,46,38,36,28,7,5,4,2,0,0,7,5,6,4,96,122,119,60,25,10,14,4,2,0,0,1,0,44,0,8,17,0,12,127,0,10,147,0,14,370,0,0,0,0,0,0,0,18,1,1,1,15
200527,202203,2,5,12,15,19,9,39,50,54,82,58,17,12,16,8,0,2,8,15,6,2,79,161,136,79,54,37,30,19,17,14,0,0,0,4,0,8,47,0,5,186,0,23,251,0,29,508,0,0,0,0,0,0,0,11,1,2,0,8
200605,202203,0,9,14,5,2,10,36,47,33,25,25,9,9,5,4,0,1,6,20,4,15,60,100,89,77,49,32,23,6,10,3,0,0,0,0,0,21,36,0,28,166,0,7,169,0,3,298,0,0,0,0,0,0,0,17,1,0,0,16
200574,202203,1,14,29,19,12,9,52,104,111,85,76,50,37,15,11,0,3,23,30,30,20,176,293,314,257,165,88,59,33,19,9,0,1,0,4,0,32,55,0,37,158,0,31,506,0,49,1269,0,0,1,0,0,6,0,21,1,0,2,18
200535,202203,1,9,6,10,13,8,26,39,50,146,68,25,14,14,15,0,0,5,7,7,4,49,81,114,111,43,40,37,22,21,5,0,0,0,0,0,8,45,0,11,166,0,11,233,0,15,500,0,0,0,0,0,0,0,21,3,0,1,17
200462,202203,0,2,4,2,12,8,14,27,26,45,29,23,17,4,8,0,0,1,4,5,4,33,40,42,26,33,18,24,11,10,15,0,0,0,0,0,4,50,0,7,73,0,6,132,0,1,214,0,0,0,0,0,0,0,7,0,0,0,7
200625,202203,0,7,17,7,1,10,51,52,49,38,45,28,21,17,15,0,0,6,15,15,8,85,139,167,109,98,71,31,23,10,8,0,0,0,0,0,20,98,0,17,316,0,11,229,0,19,433,0,0,0,0,0,0,0,21,4,2,3,12
200447,202203,0,7,23,4,18,14,33,54,67,72,44,28,15,10,14,0,0,10,9,7,2,74,96,93,106,52,47,48,17,6,13,0,0,0,0,0,9,126,0,18,192,0,17,210,0,16,395,0,0,0,0,0,0,0,10,0,0,0,10
200617,202203,3,15,19,12,4,11,30,61,58,46,29,6,11,10,3,0,2,15,19,9,15,121,163,172,111,58,33,25,13,15,9,1,0,0,0,0,5,39,0,5,130,0,44,229,0,40,604,1,0,1,0,0,1,0,13,2,0,1,10
200472,202203,3,1,7,5,4,9,31,62,55,41,37,15,18,6,1,0,0,1,4,2,2,61,100,109,71,39,27,24,6,5,2,0,0,0,0,0,3,37,0,1,113,0,4,228,0,15,347,0,0,0,0,0,0,0,19,1,0,0,18
200147,202203,1,7,11,3,19,8,17,32,35,31,8,11,10,2,0,0,0,2,7,3,7,59,52,78,59,36,18,13,5,3,2,0,0,0,1,2,1,15,0,2,22,0,11,161,0,20,307,0,0,0,0,0,0,0,16,0,0,0,16
200588,202203,2,6,11,4,6,15,36,73,84,55,55,19,14,16,13,0,0,10,9,7,13,83,139,145,108,61,44,27,13,20,14,0,0,0,0,0,4,46,0,1,113,0,19,340,0,25,554,0,0,0,0,0,0,0,35,6,0,0,29
201698,202203,1,6,14,6,26,17,48,81,87,58,27,15,11,7,4,0,0,9,10,3,3,166,228,202,150,61,33,20,8,2,3,0,0,0,0,0,14,25,0,19,62,0,8,342,0,8,828,0,0,0,0,0,0,0,17,4,0,1,12
200032,202203,0,3,8,4,8,12,13,46,47,71,36,31,16,13,7,0,2,1,5,1,1,69,103,119,90,62,53,23,11,6,5,0,0,0,5,0,6,84,0,10,161,0,3,217,0,5,380,0,0,0,0,0,0,0,23,6,0,0,17
200615,202203,2,10,16,15,7,17,45,90,76,65,43,21,23,9,10,0,2,13,16,16,23,113,300,298,196,119,72,38,33,13,13,0,0,0,11,0,38,141,0,32,402,0,5,265,0,15,815,0,0,0,0,0,1,0,29,4,0,1,24
200463,202203,2,16,29,29,22,37,132,192,215,206,106,66,25,28,17,0,1,9,34,19,13,219,412,373,292,159,114,76,53,18,24,0,0,0,151,5,49,161,0,53,449,0,14,837,0,23,1352,0,0,0,0,0,0,0,33,3,1,1,28
200604,202203,0,6,4,8,7,12,24,46,41,39,25,14,15,5,4,0,1,8,4,13,17,61,76,110,77,98,46,31,16,5,3,0,0,0,0,3,6,31,0,11,138,0,12,201,0,15,402,0,0,0,0,0,0,0,14,0,1,0,13
200542,202203,1,5,9,10,9,14,39,48,75,62,30,15,15,7,8,0,0,6,8,6,4,68,140,128,94,50,28,26,14,10,10,0,0,0,0,0,11,83,0,7,213,0,9,220,0,18,378,0,0,0,0,0,0,0,16,1,0,1,14
200538,202203,0,7,16,9,4,5,19,26,36,147,84,34,9,8,8,0,1,8,14,11,4,63,84,137,119,55,40,34,31,11,5,0,0,0,0,0,12,75,0,4,292,0,22,167,0,28,425,0,0,0,0,0,0,0,21,3,0,1,17
200561,202203,0,12,11,5,15,7,28,34,46,82,61,27,9,1,11,0,0,7,8,7,4,62,103,97,98,39,36,39,17,9,4,0,0,0,0,0,7,59,0,10,202,0,15,183,0,18,385,0,0,0,0,0,0,0,26,5,0,0,21
321326,202203,1,5,9,5,1,7,29,31,57,40,37,15,9,7,5,0,0,9,10,6,16,73,81,91,77,52,33,27,11,8,8,0,0,0,0,0,6,33,0,5,156,0,14,204,0,20,321,0,0,1,0,0,0,0,20,1,1,1,17
200173,202203,0,4,5,7,9,9,33,37,32,48,17,21,7,8,3,0,0,8,9,6,5,53,87,87,58,27,11,14,9,1,2,0,0,1,0,0,1,23,0,0,128,0,22,170,0,16,257,0,0,0,0,0,0,0,14,2,0,2,10
200522,202203,6,23,31,18,33,17,84,170,176,157,106,60,37,24,15,0,1,17,20,18,12,225,440,435,305,106,89,49,41,22,8,0,1,0,0,4,36,471,0,36,1005,0,20,318,0,42,816,0,0,0,0,0,0,0,58,5,2,1,50
200023,202203,0,14,34,33,68,43,114,235,271,259,124,98,58,33,33,0,0,14,30,18,34,278,442,462,384,245,142,98,57,24,27,0,0,0,64,0,36,126,0,34,465,0,26,1180,0,47,1758,0,0,0,0,0,0,0,25,3,0,0,22
200536,202203,1,19,35,25,31,16,61,105,113,229,146,44,29,20,25,0,3,10,31,33,19,183,337,359,299,98,73,121,34,22,14,0,0,4,11,1,32,244,0,32,715,0,45,359,0,48,1060,0,0,0,0,0,0,0,35,9,4,4,18
200497,202203,2,9,3,1,9,8,19,33,20,32,21,13,10,3,5,0,0,10,6,1,1,42,60,55,42,19,18,5,9,3,10,0,0,0,1,0,7,26,0,6,43,0,10,123,0,9,245,0,0,0,0,0,0,0,11,1,0,2,8
200152,202203,1,32,28,25,58,23,68,118,141,178,106,58,37,16,13,0,2,21,26,19,18,225,341,426,281,104,73,73,34,16,17,0,0,3,77,0,20,107,0,30,344,0,48,562,0,56,1411,0,0,0,0,0,0,0,35,4,1,5,25
200612,202203,1,15,22,16,8,12,48,69,91,65,30,21,8,7,14,0,1,12,23,14,20,138,314,293,205,110,48,30,18,8,3,0,0,0,0,0,29,36,0,37,166,0,25,337,0,13,1021,0,0,0,0,0,0,0,20,3,0,0,17
200548,202203,0,8,14,4,18,14,39,57,52,48,26,24,10,4,8,0,1,1,4,4,5,74,115,92,66,35,18,24,22,8,12,0,0,0,12,0,1,14,0,6,75,0,9,252,0,20,430,0,0,0,0,0,0,0,17,2,4,2,9
200192,202203,1,33,54,25,51,35,118,178,216,267,166,77,47,28,23,0,3,37,49,15,24,420,750,712,473,176,109,93,64,42,20,0,1,4,110,21,65,495,0,60,1798,0,39,536,0,53,1260,0,0,0,0,0,0,0,51,13,2,3,33
200566,202203,0,2,5,6,8,3,16,24,31,114,74,28,20,16,10,0,0,5,5,3,1,43,94,112,116,27,31,58,30,19,8,0,0,0,2,0,4,44,0,3,158,0,9,163,0,10,518,0,0,0,0,0,0,0,7,0,0,0,7
201028,202203,0,4,11,7,12,12,60,82,85,48,36,27,10,9,9,0,0,4,4,7,4,78,120,117,85,70,34,13,6,9,8,0,0,0,4,0,3,30,0,4,152,0,12,372,0,18,380,0,0,0,0,0,0,0,24,3,0,3,18
338290,202203,0,6,7,4,16,9,13,27,31,47,19,8,5,3,2,0,0,3,4,3,2,40,62,63,45,28,20,25,3,5,1,0,1,0,0,0,4,30,0,9,159,0,6,118,0,8,167,0,0,0,0,0,0,0,19,2,2,1,14
200559,202203,1,17,17,9,46,15,41,73,75,179,63,32,26,13,8,0,0,12,11,8,5,121,181,214,187,80,66,43,20,19,14,0,2,0,8,1,17,81,0,27,304,0,14,353,0,17,783,0,0,0,0,0,0,0,40,3,1,0,36
200454,202203,0,8,9,6,13,7,28,74,57,97,70,41,18,9,7,0,0,9,15,0,5,108,187,150,123,51,36,39,16,15,8,0,0,0,47,0,2,18,0,8,152,0,22,315,0,15,674,0,0,0,0,0,0,0,19,1,1,0,17
200618,202203,6,64,61,82,48,94,343,622,589,425,284,202,139,107,88,0,9,67,92,80,117,664,1280,1223,798,635,361,304,161,104,70,0,1,19,441,16,44,216,0,53,762,0,169,2718,0,192,4950,0,0,6,0,1,5,0,111,18,0,6,87
201110,202203,0,1,4,13,10,11,29,44,54,46,25,16,10,5,4,0,0,4,5,8,4,47,81,112,65,52,27,19,12,10,3,0,0,0,41,0,12,28,0,14,135,0,5,228,0,4,295,0,0,0,0,0,0,0,9,1,0,0,8
200525,202203,4,49,92,90,133,140,368,607,776,890,469,249,231,126,126,0,8,38,67,74,59,719,1450,1585,1422,619,406,308,222,128,100,0,2,16,271,3,62,303,0,78,1089,0,125,3404,0,157,6337,0,0,0,0,0,0,0,115,17,3,3,92
200165,202203,0,6,17,21,15,10,25,44,33,63,23,20,15,8,3,0,3,8,9,14,6,69,108,122,89,46,29,23,8,0,4,0,0,0,2,0,19,29,0,18,204,0,15,210,0,26,320,0,0,0,0,0,0,0,14,0,0,7,7
200459,202203,1,8,10,15,8,24,50,90,110,67,48,44,14,13,17,0,1,11,11,2,9,77,133,141,104,71,50,29,16,10,8,0,0,0,4,0,12,59,0,10,121,0,13,433,0,24,520,0,0,0,0,0,0,0,14,0,0,0,14
201645,202203,0,3,11,4,10,4,16,29,42,58,38,34,9,5,3,0,1,2,8,3,2,33,54,58,71,32,29,31,5,2,3,0,1,0,3,0,1,21,0,0,94,0,13,184,0,18,269,0,0,0,0,0,0,0,9,0,1,1,7
200937,202203,2,39,67,56,86,58,195,367,381,404,252,143,98,69,59,0,2,39,72,47,41,387,716,855,598,269,213,183,125,71,45,0,0,0,10,0,35,183,0,39,782,0,124,1710,0,125,2939,0,0,0,0,0,0,0,49,6,3,2,38
200657,202203,0,17,21,32,17,35,119,183,174,144,99,60,30,25,31,0,2,20,31,26,46,243,421,360,273,217,121,89,47,34,15,0,0,0,12,2,17,100,0,31,403,0,53,813,0,48,1460,0,0,4,0,0,3,0,39,5,0,1,33
200576,202203,1,13,18,14,16,20,50,73,66,48,52,21,22,14,11,0,1,13,32,17,24,133,183,200,113,105,63,62,31,30,21,0,0,0,0,0,32,8,0,47,46,0,14,385,0,16,919,0,0,0,0,0,0,0,24,2,0,2,20
200513,202203,0,2,8,3,4,7,16,16,50,60,29,14,12,4,3,0,0,5,9,3,2,37,67,87,85,44,30,16,11,6,3,0,0,0,1,0,5,33,0,6,96,0,12,165,0,7,309,0,0,0,0,0,0,0,23,2,0,1,20
200552,202203,1,38,45,30,60,27,131,185,183,198,143,77,50,42,30,0,3,21,44,33,37,230,496,373,283,158,115,94,73,35,21,0,0,0,14,6,33,167,0,35,436,0,68,868,0,79,1570,0,0,0,0,0,0,0,47,6,2,2,37
200530,202203,1,3,5,9,10,5,20,52,52,67,46,23,16,16,13,0,0,7,6,5,0,76,110,92,85,45,45,35,11,14,13,0,0,0,0,0,1,24,0,3,113,0,17,263,0,15,446,0,0,0,0,0,0,0,20,1,1,2,16
200586,202203,0,3,15,5,4,2,6,18,25,22,33,28,8,7,5,0,0,3,7,9,3,21,44,87,80,94,42,42,5,8,6,0,0,0,0,0,4,20,0,3,81,0,19,138,0,16,347,0,0,0,0,0,4,0,9,0,0,2,7
200532,202203,1,6,14,10,9,10,36,85,58,55,26,14,16,9,5,0,3,9,8,5,6,100,154,158,89,50,33,17,12,8,7,0,1,0,5,0,9,70,0,8,197,0,16,252,0,23,438,0,0,0,0,0,0,0,19,6,0,1,12
321330,202203,3,15,12,8,4,13,56,81,78,38,24,17,9,5,2,0,2,23,16,7,25,163,256,219,105,55,33,32,11,9,5,0,0,0,3,1,24,29,0,24,135,0,14,298,0,24,778,0,0,0,0,0,0,0,24,6,0,1,17
200500,202203,4,14,24,19,65,28,92,115,107,162,95,58,30,23,23,0,3,17,20,19,9,278,408,307,229,106,83,79,43,27,18,0,0,2,123,0,9,245,0,20,760,0,50,429,0,41,950,0,0,0,0,0,0,0,64,7,2,4,51
200475,202203,0,8,9,9,18,15,34,47,48,112,43,33,13,19,15,0,0,5,14,3,5,77,99,97,106,63,34,34,13,16,6,0,0,0,0,0,10,105,0,12,276,0,12,221,0,14,345,0,0,0,0,0,0,0,29,2,1,1,25
200643,202203,3,16,14,9,12,16,63,119,117,79,45,38,16,15,20,0,3,20,17,17,28,171,299,288,199,147,75,47,29,16,12,0,0,0,0,0,24,42,0,20,121,0,18,497,0,37,1190,0,0,1,0,0,0,0,21,4,1,2,14
200155,202203,4,21,46,53,55,39,108,191,239,314,216,87,70,40,25,0,0,23,34,43,29,210,433,558,416,202,126,121,86,48,31,0,0,0,106,86,28,217,0,31,624,0,71,939,0,93,1864,0,0,0,0,0,0,0,43,8,0,4,31
200490,202203,0,3,5,5,13,12,25,52,34,76,54,27,22,14,10,0,1,1,6,3,3,34,77,82,65,40,39,36,27,11,10,0,0,0,3,0,2,28,0,3,46,0,9,250,0,10,439,0,0,0,0,0,0,0,15,0,0,1,14
201205,202203,1,5,5,4,7,8,18,23,23,28,15,12,2,0,1,0,2,5,4,3,2,50,68,45,39,16,12,10,5,1,2,0,0,0,0,0,5,33,0,8,105,0,9,84,0,7,162,0,0,0,0,0,3,0,10,2,0,1,7
200560,202203,2,12,13,8,16,11,43,73,81,91,58,31,19,19,11,0,0,14,11,7,3,108,180,160,114,88,71,35,20,10,13,0,1,0,0,0,13,50,0,12,154,0,19,400,0,23,651,0,0,0,0,0,0,0,21,6,1,2,12
200638,202203,0,10,22,17,15,13,27,65,76,81,40,35,28,19,12,0,2,14,26,28,22,89,179,227,177,158,93,63,26,14,9,1,0,0,0,0,34,38,0,50,174,0,15,373,0,20,883,1,0,0,0,0,0,0,18,4,0,4,10
200563,202203,0,9,7,14,25,17,36,63,88,119,83,40,26,15,13,0,2,8,12,7,12,100,159,173,175,77,64,43,42,25,25,0,2,0,90,0,22,87,0,16,298,0,7,364,0,14,671,0,0,0,0,0,0,0,18,0,0,1,17
200593,202203,2,28,47,49,62,79,213,347,422,334,271,177,109,82,57,0,2,23,45,67,76,359,743,778,706,517,328,180,142,60,54,0,3,5,53,1,36,91,0,26,394,0,90,2062,0,111,3549,0,0,0,0,0,0,0,75,8,0,3,64
200572,202203,2,25,54,45,27,46,141,252,285,210,182,91,72,56,42,0,3,28,55,40,56,367,613,664,484,342,183,140,75,31,26,0,0,0,0,0,78,106,0,79,268,0,47,1298,0,47,2710,0,1,0,0,0,2,0,57,14,1,7,35
200469,202203,0,8,27,16,23,20,66,134,140,96,75,41,18,14,16,0,1,14,24,23,18,89,204,192,163,129,91,42,20,13,11,0,0,0,0,0,22,47,0,16,112,0,40,640,0,35,816,0,0,0,0,0,0,0,25,1,0,0,24
200484,202203,0,3,10,3,15,3,24,42,39,41,17,18,9,5,4,0,0,0,8,3,1,59,75,67,50,29,19,20,6,7,4,0,0,0,0,0,2,15,0,4,72,0,9,178,0,12,289,0,0,0,0,0,0,0,11,1,0,1,9
200533,202203,0,0,38,37,12,17,45,59,82,36,15,14,14,1,4,0,0,1,25,42,6,94,152,181,83,87,38,26,9,10,4,0,0,0,0,0,26,119,0,22,297,0,42,248,0,53,325,0,0,0,0,0,0,0,20,1,0,2,17
200180,202203,6,30,31,26,78,34,65,117,118,153,107,49,42,15,17,0,1,21,34,25,11,221,391,369,239,112,82,65,36,19,15,0,0,2,41,11,23,52,0,30,165,0,58,610,0,63,1528,0,0,0,0,0,0,0,54,8,1,3,42
201657,202203,7,21,35,24,15,44,150,191,240,126,68,38,28,6,10,0,7,33,42,31,46,271,546,496,314,184,100,56,26,25,11,0,0,0,0,70,40,61,0,54,344,0,47,855,0,59,1730,0,0,0,0,0,1,0,60,5,1,2,53
200613,202203,2,40,62,62,45,44,170,247,334,241,192,143,104,60,66,0,2,34,57,70,94,317,757,719,569,411,298,187,123,58,56,0,0,1,66,2,85,167,0,89,359,0,81,1479,0,73,3228,0,0,0,0,1,2,0,59,5,1,3,50
200590,202203,3,41,64,81,94,60,224,341,488,432,294,226,195,112,90,0,9,40,65,101,110,450,914,995,979,671,507,318,234,115,98,0,4,10,45,1,45,134,0,47,269,0,144,2421,0,168,5121,0,0,0,0,0,1,0,84,19,1,4,60
200452,202203,0,8,11,18,38,25,59,72,91,99,67,36,20,18,13,0,0,6,10,15,11,117,176,156,130,80,50,39,13,20,10,0,1,0,6,0,15,85,0,24,267,0,16,390,0,13,598,0,0,0,0,0,0,0,19,3,0,1,15
200501,202203,0,7,10,5,11,14,37,48,52,61,36,25,8,5,6,0,0,4,8,14,4,88,145,114,76,52,23,26,17,9,5,0,0,0,0,0,7,41,0,11,203,0,19,233,0,11,385,0,0,0,0,0,0,0,21,4,0,0,17
201658,202203,0,7,8,4,3,9,16,44,34,32,14,9,6,5,1,0,0,5,13,4,15,61,115,106,56,42,21,14,2,3,1,0,0,0,0,0,9,17,0,9,59,0,10,156,0,13,377,0,0,0,0,0,0,0,13,3,0,4,6
200195,202203,1,10,10,5,15,9,16,50,50,58,37,25,9,8,14,0,0,10,6,5,6,55,96,109,79,57,37,22,9,6,4,0,0,0,0,0,13,115,0,16,228,0,8,166,0,10,261,0,0,0,0,0,1,0,10,1,2,1,6
200616,202203,1,8,11,5,6,10,63,94,83,54,29,14,13,8,3,0,1,12,10,5,30,163,297,224,104,76,38,37,16,11,7,0,0,0,0,0,8,37,0,8,114,0,17,340,0,20,889,0,0,0,0,0,0,0,21,5,0,1,15
200523,202203,1,9,30,20,18,14,53,109,77,70,39,35,10,11,7,0,1,5,17,10,3,109,217,241,114,77,46,19,12,4,5,0,0,1,0,0,6,53,0,7,318,0,27,389,0,53,530,0,0,0,0,0,0,0,33,7,0,1,25
200539,202203,4,9,8,9,13,6,23,32,32,65,43,17,21,10,9,0,0,5,3,6,4,39,60,73,75,39,27,41,20,11,8,0,0,0,0,0,7,43,0,12,168,0,7,177,0,18,280,0,0,0,0,0,0,0,10,1,0,1,8
200633,202203,1,5,6,1,1,1,16,20,25,17,9,4,3,1,1,0,2,4,8,6,11,44,73,77,44,36,13,13,8,3,1,0,0,0,0,0,6,37,0,6,109,0,7,61,0,14,214,0,0,0,0,0,0,0,8,2,0,1,5
200479,202203,0,3,11,13,21,13,35,79,71,69,51,29,14,10,17,0,0,6,9,7,7,88,142,147,141,73,48,33,23,21,22,0,0,2,38,0,4,95,0,6,239,0,18,301,0,21,519,0,0,0,0,0,0,0,14,0,0,1,13
200556,202203,0,1,2,5,4,4,10,18,23,47,30,9,10,10,3,0,0,3,3,11,4,24,57,55,40,16,10,15,6,5,5,0,0,0,0,0,9,52,0,6,137,0,8,65,0,2,151,0,0,0,0,0,0,0,11,3,0,1,7
200163,202203,1,17,32,28,43,29,87,151,131,158,64,41,24,15,15,0,1,8,28,25,22,191,303,310,229,109,48,47,26,10,11,0,0,0,0,9,37,307,0,47,630,0,24,359,0,31,751,0,1,6,0,0,11,0,31,4,1,2,24
200157,202203,0,2,5,2,6,6,11,15,15,13,7,9,2,1,1,0,0,0,4,1,1,26,32,37,28,9,3,9,2,3,1,0,1,0,0,0,4,20,0,8,59,0,1,53,0,1,105,0,0,0,0,0,0,0,7,1,1,1,5
200528,202203,0,23,33,34,45,19,77,148,149,201,122,77,45,33,20,1,1,11,29,24,17,183,377,455,290,115,108,69,55,32,26,0,0,122,224,0,15,170,0,24,559,0,50,638,1,66,1294,0,0,0,0,0,0,0,47,4,0,4,39
200190,202203,1,7,20,26,19,10,37,50,78,81,54,24,20,9,7,0,0,9,18,13,12,89,148,187,146,56,49,26,25,14,14,0,0,0,17,0,10,28,0,7,148,0,30,322,0,47,655,0,0,1,0,0,0,0,15,2,1,0,12
200191,202203,1,10,9,7,15,12,19,31,37,40,30,21,9,5,8,0,1,4,10,9,5,70,86,87,70,38,19,20,5,9,8,0,0,0,1,0,8,24,0,7,62,0,16,180,0,20,378,0,0,0,0,0,0,0,10,1,0,2,7
200661,202203,1,9,13,10,4,21,59,99,87,69,31,17,18,16,17,0,2,10,15,6,23,194,238,196,114,104,50,38,25,17,11,0,0,0,0,0,4,32,0,6,113,0,29,406,0,27,897,0,0,0,0,0,0,0,25,6,0,1,18
200464,202203,1,12,6,8,21,12,44,42,48,55,46,12,16,10,5,0,0,6,14,7,6,76,95,100,61,34,25,33,10,8,10,0,0,0,0,0,2,41,0,3,102,0,25,213,0,24,413,0,0,0,0,0,0,0,14,1,0,0,13
200154,202203,1,10,11,6,16,6,36,32,31,46,25,8,11,5,4,0,3,15,12,3,5,78,110,75,84,23,13,21,10,8,2,0,0,0,0,0,13,25,0,10,128,0,20,149,0,18,347,0,0,0,0,0,0,0,17,1,0,3,13
200169,202203,1,2,6,1,4,4,7,17,10,17,12,7,6,4,4,0,0,5,1,0,0,22,32,37,22,12,11,6,5,4,0,0,0,0,0,0,5,23,0,6,81,0,1,59,0,4,80,0,0,0,0,0,0,0,9,3,0,0,6
200460,202203,3,21,69,81,97,82,176,392,533,657,433,240,162,94,67,0,0,19,66,64,64,422,828,985,838,462,333,276,185,85,84,0,0,0,5,0,13,148,0,19,580,0,136,2457,0,155,4310,0,0,0,0,0,0,0,101,5,0,0,96
200491,202203,2,13,22,6,38,24,88,169,182,117,62,33,26,14,16,0,0,9,14,3,6,204,313,303,229,150,74,23,26,11,2,0,0,1,6,0,9,150,0,14,338,0,17,632,0,29,990,0,0,0,0,0,0,0,29,5,0,2,22
200483,202203,1,7,20,22,33,25,54,79,120,146,85,55,31,19,33,0,0,3,14,13,21,89,160,185,216,96,77,53,38,27,25,0,0,0,0,0,18,68,0,31,155,0,12,542,0,19,902,0,0,0,0,0,0,0,21,0,0,1,20
200502,202203,1,4,11,11,12,6,35,46,54,95,59,24,14,11,14,0,0,3,10,5,2,85,135,125,101,48,46,32,15,10,6,0,0,0,0,0,8,28,0,10,188,0,10,272,0,17,487,0,0,0,0,0,0,0,16,4,0,1,11
200567,202203,0,2,2,4,4,1,9,14,19,49,36,18,6,9,8,0,0,1,6,5,2,16,36,42,54,21,17,23,5,10,5,0,0,0,0,0,4,37,0,1,90,0,8,87,0,7,190,0,0,0,0,0,0,0,13,1,0,0,12
200591,202203,9,61,116,111,84,156,426,639,754,610,450,281,187,122,129,0,10,73,88,144,196,770,1521,1621,1411,903,629,392,240,112,97,0,1,239,250,0,104,313,0,95,822,0,193,3524,0,220,7069,0,0,0,0,0,0,0,138,10,3,8,117
200546,202203,0,6,8,6,17,11,28,56,47,55,26,22,17,1,10,0,0,4,16,3,2,82,107,113,61,44,28,30,19,8,3,0,0,0,0,0,11,149,0,10,292,0,12,117,0,10,229,0,0,0,0,0,0,0,12,0,0,1,11
200529,202203,0,2,7,3,12,9,30,31,44,95,43,19,15,11,8,0,0,1,5,1,3,50,90,111,100,34,26,33,14,8,5,0,0,15,11,0,3,69,0,6,152,0,4,161,0,6,409,0,0,0,0,0,0,0,11,2,1,0,8
200579,202203,1,18,16,3,2,17,40,61,42,43,24,33,16,7,6,0,0,13,19,6,23,91,131,100,80,76,48,35,9,13,1,0,0,0,0,0,6,52,0,7,106,0,32,239,0,31,501,0,0,0,0,0,0,0,24,0,1,2,21
321331,202203,1,8,17,7,7,8,31,42,44,63,33,31,20,19,6,0,0,8,20,8,15,79,97,153,121,139,39,47,11,6,7,0,0,0,0,0,6,27,0,7,49,0,27,277,0,29,664,0,0,0,0,0,1,0,18,1,0,2,15
200655,202203,4,28,19,7,7,27,64,88,97,76,47,27,22,18,8,0,2,24,20,9,25,166,279,232,129,87,36,40,27,26,11,0,0,0,0,0,19,99,0,17,370,0,39,382,0,38,687,0,0,0,0,0,1,0,26,1,1,1,23
200178,202203,3,16,27,24,29,30,68,116,134,134,108,60,27,14,17,0,3,19,24,17,18,149,276,334,233,96,82,66,33,24,15,0,0,0,14,1,14,136,0,30,424,0,49,526,0,40,977,0,0,0,0,0,0,0,45,5,2,2,36
200451,202203,0,11,10,11,9,4,20,38,46,57,25,22,12,10,8,0,0,6,8,9,0,69,83,105,76,44,18,31,15,6,7,0,0,0,1,0,18,55,0,26,138,0,5,167,0,6,345,0,0,0,0,0,0,0,8,2,0,1,5
200599,202203,1,14,5,2,1,16,44,42,37,31,30,18,5,12,4,0,0,11,2,2,11,89,109,78,88,43,31,11,7,2,2,0,0,0,0,0,12,37,0,8,145,0,10,202,0,7,325,0,0,1,0,0,1,0,27,7,1,1,18
200531,202203,9,33,64,79,120,60,215,465,541,634,365,176,160,104,83,0,8,25,53,60,49,615,1175,1126,967,436,294,231,151,87,69,0,1,2,4,0,27,210,0,55,1100,0,119,2373,0,130,4440,0,0,0,0,0,0,0,74,13,0,1,60
200580,202203,1,10,3,4,2,13,25,24,20,31,19,15,4,7,7,0,1,14,5,3,9,64,76,62,49,35,25,14,8,5,3,0,0,0,0,0,4,30,0,6,78,0,14,137,0,17,271,0,0,0,0,0,1,0,10,0,0,3,7
200524,202203,2,5,13,5,34,17,34,80,70,83,58,29,16,15,13,0,1,5,4,6,0,106,184,141,124,43,52,40,17,21,14,0,0,0,0,0,1,16,0,4,189,0,15,353,0,21,633,0,0,0,0,0,0,0,17,3,1,0,13
200592,202203,0,6,23,7,6,25,67,73,64,72,40,23,19,7,6,0,2,9,11,8,18,129,119,133,95,62,30,25,11,8,10,0,0,0,0,0,3,38,0,1,35,0,33,364,0,29,605,0,0,0,0,0,0,0,14,2,0,2,10
200600,202203,0,10,11,7,3,10,41,58,49,49,30,18,9,5,6,0,0,6,11,8,17,101,104,127,84,76,42,36,13,14,6,0,0,0,31,0,9,48,0,11,162,0,19,230,0,14,458,0,0,0,0,0,0,0,26,3,0,3,21
200549,202203,0,3,9,9,16,16,49,49,42,54,40,17,7,8,7,0,1,3,4,7,2,78,90,94,83,48,30,29,20,6,10,0,0,0,7,0,3,37,0,6,139,0,12,238,0,15,381,0,0,0,0,0,0,0,13,3,0,1,9
200521,202203,0,3,8,4,10,8,24,35,31,46,20,15,5,5,3,0,0,4,9,6,3,62,89,73,66,25,23,12,8,12,10,0,0,0,0,0,5,46,0,1,173,0,14,131,0,14,235,0,0,0,0,0,0,0,16,3,1,0,12
200481,202203,0,11,20,23,49,43,92,211,299,441,200,97,81,44,45,0,3,15,26,29,30,209,475,609,632,285,176,143,87,38,30,0,0,0,6,0,32,180,0,13,725,0,41,1223,0,41,2188,0,0,0,0,0,0,0,31,4,0,0,27
200494,202203,7,42,82,93,139,108,275,529,698,788,410,253,171,78,66,0,6,44,60,63,79,723,1411,1392,1243,604,371,248,167,66,50,0,0,39,354,0,31,369,0,43,1350,0,142,2862,0,181,5286,0,0,0,0,0,0,0,159,23,8,3,125
201851,202203,1,22,62,63,113,131,225,389,494,574,372,194,140,77,71,0,0,24,61,54,51,590,919,941,883,411,313,218,135,65,34,0,0,116,130,0,65,257,0,57,703,0,74,2239,0,91,4141,0,0,0,0,0,0,0,48,6,0,3,39
200457,202203,0,24,41,47,94,59,179,341,424,376,225,128,68,52,32,0,0,12,39,41,28,420,728,718,640,321,159,146,89,49,28,0,0,4,89,0,39,333,0,41,855,0,53,1458,0,71,2658,0,0,0,0,0,0,0,81,10,0,4,67
99999,202203,0,0,0,0,0,14,85,89,113,0,0,9,2,2,0,0,0,0,0,0,2,0,0,0,1,68,26,0,0,0,0,0,0,0,0,398,0,319,0,0,1,0,0,91,0,0,0,0,0,0,0,0,0,0,6,0,0,0,6
200614,202203,4,28,58,88,71,152,450,702,932,713,565,405,278,183,139,0,6,36,70,109,119,506,1139,1267,1296,991,725,434,283,158,117,0,14,195,243,142,97,173,0,124,246,0,81,4415,0,97,6788,0,0,0,0,0,0,0,142,20,2,8,112
200564,202203,0,3,7,3,9,7,35,46,56,38,28,16,9,8,7,0,0,4,4,2,2,63,102,85,56,36,31,17,5,9,3,0,0,0,4,0,2,27,0,4,126,0,8,226,0,9,289,0,0,0,0,0,0,0,16,0,2,1,13
201858,202203,1,8,2,2,2,5,29,32,33,24,16,9,4,6,1,0,0,4,11,3,12,82,122,85,70,39,23,14,8,4,3,0,0,0,0,0,3,23,0,5,167,0,10,138,0,13,295,0,0,0,0,0,0,0,20,6,0,0,14
200669,202203,0,5,8,5,3,7,17,29,29,22,24,11,8,6,6,0,1,9,9,3,20,84,68,55,41,23,22,17,10,10,3,0,0,0,0,0,10,37,0,12,157,0,8,125,0,10,196,0,0,0,0,0,0,0,17,4,0,3,10
200557,202203,1,8,13,25,18,8,27,36,45,147,118,45,23,17,12,0,0,10,16,14,5,71,120,141,147,56,55,72,44,13,9,0,0,0,7,0,20,47,0,23,186,0,20,282,0,24,714,0,0,0,0,0,0,0,24,1,3,2,18
321333,202203,0,6,5,3,6,5,15,26,26,21,16,17,11,5,5,0,0,5,4,2,3,24,40,60,50,34,16,5,6,5,2,0,0,0,0,0,3,23,0,3,58,0,8,140,0,11,177,0,0,0,0,0,0,0,13,0,1,1,11
200629,202203,1,39,40,26,12,20,58,96,88,71,60,38,24,18,19,0,2,26,29,22,42,169,189,197,158,148,81,55,33,30,12,0,0,0,1,1,64,149,0,46,350,0,42,355,0,33,764,0,0,0,0,0,0,0,30,6,3,3,18
200601,202203,0,14,16,11,2,10,26,62,57,44,29,16,15,13,10,0,0,16,22,8,17,130,174,156,93,72,36,38,27,15,10,0,0,0,8,0,17,48,0,20,172,0,24,236,0,26,596,0,0,0,0,0,0,0,25,5,0,2,18
200517,202203,3,22,45,28,54,43,91,220,203,214,113,75,57,38,27,0,2,16,34,34,13,240,420,437,337,154,104,77,55,22,25,0,5,0,26,17,23,63,0,23,268,0,63,962,0,75,1726,0,0,0,0,0,0,0,38,4,3,6,25
200667,202203,3,16,33,20,18,37,87,180,173,144,107,71,47,26,22,0,2,22,26,23,24,182,419,402,299,202,113,92,67,40,34,0,0,0,4,0,27,111,0,28,343,0,45,799,0,45,1526,0,0,2,0,0,4,0,32,4,0,2,26
200456,202203,0,6,10,4,31,17,32,60,46,64,23,12,8,5,2,0,0,8,3,1,0,177,242,203,143,36,28,8,6,1,2,0,0,0,35,1,9,78,0,10,256,0,3,168,0,10,644,0,0,0,0,0,0,0,29,1,1,0,27
200565,202203,1,23,23,31,47,25,89,184,237,292,152,79,49,42,65,0,3,17,32,31,17,257,459,493,402,171,145,136,73,35,36,0,1,1,234,0,32,108,0,27,533,0,51,995,0,51,1848,0,0,0,0,0,0,0,53,6,0,1,46
398330,202203,5,21,34,28,59,30,88,169,211,256,120,56,42,25,33,0,5,11,37,21,15,291,522,483,387,156,101,71,53,37,29,0,0,0,2,0,28,383,0,36,1183,0,46,543,0,52,1123,0,0,0,0,0,0,0,44,7,3,3,31
200503,202203,0,5,5,5,4,1,7,28,27,29,15,8,2,5,7,0,0,4,3,3,0,34,45,57,41,20,11,7,6,2,7,0,0,0,0,0,1,14,0,1,31,0,9,102,0,14,216,0,0,0,0,0,0,0,10,0,0,1,9
200471,202203,1,12,14,22,30,23,67,97,118,132,87,47,32,15,8,0,1,7,12,10,12,125,245,238,184,106,78,36,21,10,13,0,2,0,4,1,1,104,0,1,233,0,29,499,0,48,888,0,0,0,0,0,0,0,31,4,2,1,24
200963,202203,2,16,46,42,43,23,13,8,19,39,29,31,18,14,6,0,2,16,53,53,49,28,31,22,21,38,40,35,17,7,9,0,0,0,0,0,79,100,0,90,115,0,27,143,0,34,182,0,0,0,0,0,0,0,29,0,0,8,21
200577,202203,13,57,42,34,22,73,168,214,187,164,125,91,59,42,37,0,10,61,54,29,94,448,535,502,382,277,169,113,70,38,27,0,0,0,30,30,100,232,0,107,707,0,46,950,0,47,1947,0,0,0,0,0,1,0,65,9,2,7,47
200936,202203,4,33,73,42,85,46,152,313,306,414,236,123,78,59,54,0,5,40,50,36,29,398,650,678,512,240,198,158,76,70,65,0,4,1,35,12,30,186,0,25,700,0,101,1412,0,127,2642,0,0,0,0,0,0,0,60,7,1,5,47
200939,202203,0,7,22,27,41,29,88,125,151,307,173,88,56,32,22,0,0,9,24,27,13,188,357,400,370,157,137,103,63,43,23,0,0,0,20,4,15,243,0,8,618,0,45,655,0,48,1450,0,0,0,0,0,0,0,45,1,1,3,40
200938,202203,0,29,75,69,103,82,214,487,517,554,350,156,131,96,63,0,3,24,64,63,53,457,948,1071,871,368,291,252,144,88,76,0,3,1,122,6,104,786,0,99,1906,0,50,1668,0,74,3006,0,0,0,0,0,1,0,58,11,2,3,42
200958,202203,0,6,31,57,47,5,7,6,6,35,34,12,12,8,3,0,0,11,28,50,43,14,5,9,19,20,8,11,13,2,5,0,0,0,0,0,56,19,0,45,36,0,33,111,0,49,158,0,0,0,0,0,0,0,3,0,0,3,0
200954,202203,1,13,6,29,40,22,47,76,92,138,93,70,61,41,19,0,0,10,11,32,31,55,79,117,141,87,90,73,39,24,25,0,0,0,0,0,13,69,0,6,80,0,40,567,0,43,744,0,0,0,0,0,0,0,39,1,0,0,38
200957,202203,0,0,2,4,10,12,15,28,61,93,52,43,39,17,14,0,0,2,2,3,7,21,30,43,66,63,59,48,25,15,5,0,0,1,0,0,5,29,0,3,39,0,2,329,0,3,369,0,0,0,0,0,0,0,23,0,0,1,22
200940,202203,1,9,22,15,23,15,81,119,128,126,88,52,45,39,26,0,1,11,19,26,35,85,219,239,186,148,103,91,47,21,27,0,0,0,4,0,32,50,0,37,220,0,15,692,0,20,981,0,0,0,0,0,0,0,19,3,1,2,13
200914,202203,1,10,18,30,25,15,48,87,103,180,167,90,60,33,25,0,0,8,15,25,19,54,107,156,205,115,94,96,39,20,15,0,0,0,3,5,19,208,0,28,291,0,29,481,0,31,773,0,0,0,0,0,0,0,14,0,0,3,11
200648,202203,2,27,19,16,9,39,79,93,95,57,56,40,17,19,14,0,2,21,35,22,46,247,262,202,133,118,50,51,26,13,9,0,0,0,0,0,40,189,0,38,357,0,24,328,0,42,798,0,0,1,0,0,2,0,42,6,2,4,30
200941,202203,10,56,61,26,26,82,237,315,275,222,169,107,79,43,37,0,14,78,55,40,99,645,941,716,426,367,177,137,48,47,24,0,3,2,44,1,20,132,0,35,505,0,133,1458,0,151,3121,0,0,0,0,0,0,0,116,25,3,4,84
201869,202203,0,18,37,18,29,31,77,112,159,213,93,53,39,26,26,0,1,16,38,43,16,147,301,280,209,126,93,72,31,19,18,0,0,0,38,0,13,76,0,9,252,0,85,682,0,64,1160,0,0,0,0,0,0,0,54,0,0,8,46
200942,202203,0,17,39,39,18,35,133,195,199,186,135,104,40,26,31,0,1,22,44,49,70,411,533,588,404,351,161,103,33,26,17,0,0,0,173,2,43,22,0,57,109,0,52,1080,0,59,2587,0,0,0,0,0,1,0,49,3,0,2,44
200943,202203,7,55,62,48,26,44,170,265,343,249,183,114,79,56,57,0,4,50,84,71,87,383,741,721,559,424,293,199,106,79,61,0,0,0,66,19,42,56,0,48,311,0,130,1529,0,161,3341,0,0,1,0,0,1,0,72,11,2,9,50
201647,202203,1,11,16,21,53,21,98,172,196,201,140,57,48,32,34,0,1,5,24,20,19,192,375,349,330,180,107,79,55,20,22,0,0,0,0,0,12,116,0,11,270,0,38,848,0,38,1546,0,0,0,0,0,0,0,34,3,0,1,30
200933,202203,0,4,9,14,23,33,64,100,151,209,162,78,61,32,35,0,1,8,20,17,15,84,130,172,216,127,140,102,64,39,32,0,0,0,4,0,16,129,0,9,293,0,30,707,0,18,940,0,0,0,0,0,0,0,21,0,0,1,20
