Keycode,period,"echo_TX_PVLS_D_Age_Sex_Ind_HIV | <1, Male, Routine, Positive","echo_TX_PVLS_D_Age_Sex_Ind_HIV | 1-4, Male, Routine, Positive","echo_TX_PVLS_D_Age_Sex_Ind_HIV | 5-9, Male, Routine, Positive","echo_TX_PVLS_D_Age_Sex_Ind_HIV | 10-14, Male, Routine, Positive","echo_TX_PVLS_D_Age_Sex_Ind_HIV | 15-19, Male, Routine, Positive","echo_TX_PVLS_D_Age_Sex_Ind_HIV | 20-24, Male, Routine, Positive","echo_TX_PVLS_D_Age_Sex_Ind_HIV | 25-29, Male, Routine, Positive","echo_TX_PVLS_D_Age_Sex_Ind_HIV | 30-34, Male, Routine, Positive","echo_TX_PVLS_D_Age_Sex_Ind_HIV | 35-39, Male, Routine, Positive","echo_TX_PVLS_D_Age_Sex_Ind_HIV | 40-44, Male, Routine, Positive","echo_TX_PVLS_D_Age_Sex_Ind_HIV | 45-49, Male, Routine, Positive","echo_TX_PVLS_D_Age_Sex_Ind_HIV | 50+, Male, Routine, Positive","echo_TX_PVLS_D_Age_Sex_Ind_HIV | <1, Female, Routine, Positive","echo_TX_PVLS_D_Age_Sex_Ind_HIV | 1-4, Female, Routine, Positive","echo_TX_PVLS_D_Age_Sex_Ind_HIV | 5-9, Female, Routine, Positive","echo_TX_PVLS_D_Age_Sex_Ind_HIV | 10-14, Female, Routine, Positive","echo_TX_PVLS_D_Age_Sex_Ind_HIV | 15-19, Female, Routine, Positive","echo_TX_PVLS_D_Age_Sex_Ind_HIV | 20-24, Female, Routine, Positive","echo_TX_PVLS_D_Age_Sex_Ind_HIV | 25-29, Female, Routine, Positive","echo_TX_PVLS_D_Age_Sex_Ind_HIV | 30-34, Female, Routine, Positive","echo_TX_PVLS_D_Age_Sex_Ind_HIV | 35-39, Female, Routine, Positive","echo_TX_PVLS_D_Age_Sex_Ind_HIV | 40-44, Female, Routine, Positive","echo_TX_PVLS_D_Age_Sex_Ind_HIV | 45-49, Female, Routine, Positive","echo_TX_PVLS_D_Age_Sex_Ind_HIV | 50+, Female, Routine, Positive","echo_TX_PVLS_D_Age_Sex_Ind_HIV | <1, Male, Targeted, Positive","echo_TX_PVLS_D_Age_Sex_Ind_HIV | 1-4, Male, Targeted, Positive","echo_TX_PVLS_D_Age_Sex_Ind_HIV | 5-9, Male, Targeted, Positive","echo_TX_PVLS_D_Age_Sex_Ind_HIV | 10-14, Male, Targeted, Positive","echo_TX_PVLS_D_Age_Sex_Ind_HIV | 15-19, Male, Targeted, Positive","echo_TX_PVLS_D_Age_Sex_Ind_HIV | 20-24, Male, Targeted, Positive","echo_TX_PVLS_D_Age_Sex_Ind_HIV | 25-29, Male, Targeted, Positive","echo_TX_PVLS_D_Age_Sex_Ind_HIV | 30-34, Male, Targeted, Positive","echo_TX_PVLS_D_Age_Sex_Ind_HIV | 35-39, Male, Targeted, Positive","echo_TX_PVLS_D_Age_Sex_Ind_HIV | 40-44, Male, Targeted, Positive","echo_TX_PVLS_D_Age_Sex_Ind_HIV | 45-49, Male, Targeted, Positive","echo_TX_PVLS_D_Age_Sex_Ind_HIV | 50+, Male, Targeted, Positive","echo_TX_PVLS_D_Age_Sex_Ind_HIV | 1-4, Female, Targeted, Positive","echo_TX_PVLS_D_Age_Sex_Ind_HIV | 5-9, Female, Targeted, Positive","echo_TX_PVLS_D_Age_Sex_Ind_HIV | 10-14, Female, Targeted, Positive","echo_TX_PVLS_D_Age_Sex_Ind_HIV | 15-19, Female, Targeted, Positive","echo_TX_PVLS_D_Age_Sex_Ind_HIV | 20-24, Female, Targeted, Positive","echo_TX_PVLS_D_Age_Sex_Ind_HIV | 30-34, Female, Targeted, Positive","echo_TX_PVLS_D_Age_Sex_Ind_HIV | 25-29, Female, Targeted, Positive","echo_TX_PVLS_D_Age_Sex_Ind_HIV | 35-39, Female, Targeted, Positive","echo_TX_PVLS_D_Age_Sex_Ind_HIV | 40-44, Female, Targeted, Positive","echo_TX_PVLS_D_Age_Sex_Ind_HIV | 45-49, Female, Targeted, Positive","echo_TX_PVLS_D_Age_Sex_Ind_HIV | 50+, Female, Targeted, Positive","echo_TX_PVLS_D_Age_Sex_Ind_HIV | <1, Female, Targeted, Positive","echo_TX_PVLS_D_PregBF_Indication | Pregnant, Routine, Positive","echo_TX_PVLS_D_PregBF_Indication | Pregnant, Targeted, Positive","echo_TX_PVLS_D_PregBF_Indication | Breastfeeding, Routine, Positive","echo_TX_PVLS_D_PregBF_Indication | Breastfeeding, Targeted, Positive","echo_TX_PVLS_D_KeyPop_Indication_HIVStatus | PWID, Routine, Positive","echo_TX_PVLS_D_KeyPop_Indication_HIVStatus | PWID, Targeted, Positive","echo_TX_PVLS_D_KeyPop_Indication_HIVStatus | MSM, Routine, Positive","echo_TX_PVLS_D_KeyPop_Indication_HIVStatus | MSM, Targeted, Positive","echo_TX_PVLS_D_KeyPop_Indication_HIVStatus | FSW, Routine, Positive","echo_TX_PVLS_D_KeyPop_Indication_HIVStatus | FSW, Targeted, Positive","echo_TX_PVLS_D_KeyPop_Indication_HIVStatus | People in prisons and other enclosed settings, Routine, Positive","echo_TX_PVLS_D_KeyPop_Indication_HIVStatus | People in prisons and other enclosed settings, Targeted, Positive","echo_TX_PVLS_N_Age_Sex_Ind_HIV | <1, Male, Routine, Positive","echo_TX_PVLS_N_Age_Sex_Ind_HIV | 1-4, Male, Routine, Positive","echo_TX_PVLS_N_Age_Sex_Ind_HIV | 5-9, Male, Routine, Positive","echo_TX_PVLS_N_Age_Sex_Ind_HIV | 10-14, Male, Routine, Positive","echo_TX_PVLS_N_Age_Sex_Ind_HIV | 15-19, Male, Routine, Positive","echo_TX_PVLS_N_Age_Sex_Ind_HIV | 20-24, Male, Routine, Positive","echo_TX_PVLS_N_Age_Sex_Ind_HIV | 25-29, Male, Routine, Positive","echo_TX_PVLS_N_Age_Sex_Ind_HIV | 30-34, Male, Routine, Positive","echo_TX_PVLS_N_Age_Sex_Ind_HIV | 35-39, Male, Routine, Positive","echo_TX_PVLS_N_Age_Sex_Ind_HIV | 40-44, Male, Routine, Positive","echo_TX_PVLS_N_Age_Sex_Ind_HIV | 45-49, Male, Routine, Positive","echo_TX_PVLS_N_Age_Sex_Ind_HIV | 50+, Male, Routine, Positive","echo_TX_PVLS_N_Age_Sex_Ind_HIV | <1, Female, Routine, Positive","echo_TX_PVLS_N_Age_Sex_Ind_HIV | 1-4, Female, Routine, Positive","echo_TX_PVLS_N_Age_Sex_Ind_HIV | 5-9, Female, Routine, Positive","echo_TX_PVLS_N_Age_Sex_Ind_HIV | 10-14, Female, Routine, Positive","echo_TX_PVLS_N_Age_Sex_Ind_HIV | 15-19, Female, Routine, Positive","echo_TX_PVLS_N_Age_Sex_Ind_HIV | 20-24, Female, Routine, Positive","echo_TX_PVLS_N_Age_Sex_Ind_HIV | 25-29, Female, Routine, Positive","echo_TX_PVLS_N_Age_Sex_Ind_HIV | 30-34, Female, Routine, Positive","echo_TX_PVLS_N_Age_Sex_Ind_HIV | 35-39, Female, Routine, Positive","echo_TX_PVLS_N_Age_Sex_Ind_HIV | 40-44, Female, Routine, Positive","echo_TX_PVLS_N_Age_Sex_Ind_HIV | 45-49, Female, Routine, Positive","echo_TX_PVLS_N_Age_Sex_Ind_HIV | 50+, Female, Routine, Positive","echo_TX_PVLS_N_Age_Sex_Ind_HIV | <1, Male, Targeted, Positive","echo_TX_PVLS_N_Age_Sex_Ind_HIV | 1-4, Male, Targeted, Positive","echo_TX_PVLS_N_Age_Sex_Ind_HIV | 5-9, Male, Targeted, Positive","echo_TX_PVLS_N_Age_Sex_Ind_HIV | 10-14, Male, Targeted, Positive","echo_TX_PVLS_N_Age_Sex_Ind_HIV | 15-19, Male, Targeted, Positive","echo_TX_PVLS_N_Age_Sex_Ind_HIV | 20-24, Male, Targeted, Positive","echo_TX_PVLS_N_Age_Sex_Ind_HIV | 25-29, Male, Targeted, Positive","echo_TX_PVLS_N_Age_Sex_Ind_HIV | 30-34, Male, Targeted, Positive","echo_TX_PVLS_N_Age_Sex_Ind_HIV | 35-39, Male, Targeted, Positive","echo_TX_PVLS_N_Age_Sex_Ind_HIV | 40-44, Male, Targeted, Positive","echo_TX_PVLS_N_Age_Sex_Ind_HIV | 45-49, Male, Targeted, Positive","echo_TX_PVLS_N_Age_Sex_Ind_HIV | 50+, Male, Targeted, Positive","echo_TX_PVLS_N_Age_Sex_Ind_HIV | <1, Female, Targeted, Positive","echo_TX_PVLS_N_Age_Sex_Ind_HIV | 1-4, Female, Targeted, Positive","echo_TX_PVLS_N_Age_Sex_Ind_HIV | 5-9, Female, Targeted, Positive","echo_TX_PVLS_N_Age_Sex_Ind_HIV | 10-14, Female, Targeted, Positive","echo_TX_PVLS_N_Age_Sex_Ind_HIV | 15-19, Female, Targeted, Positive","echo_TX_PVLS_N_Age_Sex_Ind_HIV | 20-24, Female, Targeted, Positive","echo_TX_PVLS_N_Age_Sex_Ind_HIV | 25-29, Female, Targeted, Positive","echo_TX_PVLS_N_Age_Sex_Ind_HIV | 30-34, Female, Targeted, Positive","echo_TX_PVLS_N_Age_Sex_Ind_HIV | 35-39, Female, Targeted, Positive","echo_TX_PVLS_N_Age_Sex_Ind_HIV | 40-44, Female, Targeted, Positive","echo_TX_PVLS_N_Age_Sex_Ind_HIV | 45-49, Female, Targeted, Positive","echo_TX_PVLS_N_Age_Sex_Ind_HIV | 50+, Female, Targeted, Positive","echo_TX_PVLS_N_PregBF_Indication | Pregnant, Routine, Positive","echo_TX_PVLS_N_PregBF_Indication | Pregnant, Targeted, Positive","echo_TX_PVLS_N_PregBF_Indication | Breastfeeding, Routine, Positive","echo_TX_PVLS_N_PregBF_Indication | Breastfeeding, Targeted, Positive","echo_TX_PVLS_N_KeyPop_Indication_HIVStatus | PWID, Routine, Positive","echo_TX_PVLS_N_KeyPop_Indication_HIVStatus | PWID, Targeted, Positive","echo_TX_PVLS_N_KeyPop_Indication_HIVStatus | MSM, Routine, Positive","echo_TX_PVLS_N_KeyPop_Indication_HIVStatus | MSM, Targeted, Positive","echo_TX_PVLS_N_KeyPop_Indication_HIVStatus | FSW, Routine, Positive","echo_TX_PVLS_N_KeyPop_Indication_HIVStatus | FSW, Targeted, Positive","echo_TX_PVLS_N_KeyPop_Indication_HIVStatus | People in prisons and other enclosed settings, Routine, Positive","echo_TX_PVLS_N_KeyPop_Indication_HIVStatus | People in prisons and other enclosed settings, Targeted, Positive","echo_TX_PVLS_D_Age_Sex_Ind_HIV | Unknown Age, Female, Routine, Positive","echo_TX_PVLS_D_Age_Sex_Ind_HIV | Unknown Age, Male, Routine, Positive","echo_TX_PVLS_D_Age_Sex_Ind_HIV | Unknown Age, Female, Targeted, Positive","echo_TX_PVLS_D_Age_Sex_Ind_HIV | Unknown Age, Male, Targeted, Positive","echo_TX_PVLS_N_Age_Sex_Ind_HIV | Unknown Age, Female, Routine, Positive","echo_TX_PVLS_N_Age_Sex_Ind_HIV | Unknown Age, Female, Targeted, Positive","echo_TX_PVLS_N_Age_Sex_Ind_HIV | Unknown Age, Male, Routine, Positive","echo_TX_PVLS_N_Age_Sex_Ind_HIV | Unknown Age, Male, Targeted, Positive"
200499,2022Q1,2,15,47,64,41,35,89,139,245,246,206,509,1,17,57,77,67,201,497,610,630,495,372,565,0,0,0,0,0,0,0,0,0,0,0,0,0,0,0,0,0,0,0,0,0,0,0,0,242,0,829,0,0,0,35,0,26,0,0,0,1,10,42,59,34,30,80,133,226,235,200,500,0,11,49,69,55,180,462,583,601,480,363,552,0,0,0,0,0,0,0,0,0,0,0,0,0,0,0,0,0,0,0,0,0,0,0,0,230,0,771,0,0,0,32,0,24,0,0,0,0,0,0,0,0,0,0,0
340078,2022Q1,0,1,11,4,1,11,22,75,76,54,27,38,0,5,13,3,12,79,185,173,110,69,21,27,0,0,0,0,0,0,0,0,0,0,0,0,0,0,0,0,0,0,0,0,0,0,0,0,43,0,212,0,2,0,1,0,0,0,1,0,0,0,10,2,1,10,21,70,73,49,27,36,0,1,12,3,10,76,166,162,103,67,20,27,0,0,0,0,0,0,0,0,0,0,0,0,0,0,0,0,0,0,0,0,0,0,0,0,39,0,200,0,2,0,1,0,0,0,1,0,0,0,0,0,0,0,0,0
338288,2022Q1,0,1,7,6,3,4,17,31,37,31,25,14,0,2,7,8,11,42,105,104,72,51,24,36,0,0,0,0,0,0,0,0,0,0,0,0,0,0,0,0,0,0,0,0,0,0,0,0,28,0,158,0,0,0,0,0,0,0,0,0,0,1,5,4,3,4,15,28,37,29,22,13,0,1,5,7,10,33,96,97,65,47,23,36,0,0,0,0,0,0,0,0,0,0,0,0,0,0,0,0,0,0,0,0,0,0,0,0,24,0,143,0,0,0,0,0,0,0,0,0,0,0,0,0,0,0,0,0
201696,2022Q1,1,20,58,32,27,19,89,194,240,198,132,251,3,33,49,52,43,260,499,584,551,332,187,280,0,0,0,0,0,0,0,0,0,0,0,0,0,0,0,0,0,0,0,0,0,0,0,0,333,0,633,0,2,0,73,0,30,0,1,0,1,15,46,28,23,19,85,184,224,188,127,245,2,18,42,45,38,232,472,565,534,323,182,278,0,0,0,0,0,0,0,0,0,0,0,0,0,0,0,0,0,0,0,0,0,0,0,0,316,0,589,0,2,0,72,0,29,0,1,0,0,0,0,0,0,0,0,0
360175,2022Q1,0,1,2,1,1,0,5,11,15,10,3,5,1,5,6,1,6,38,60,47,18,19,5,8,0,0,0,0,0,0,0,0,0,0,0,0,0,0,0,0,0,0,0,0,0,0,0,0,21,0,88,0,1,0,0,0,14,0,0,0,0,0,0,0,1,0,4,10,15,9,2,4,1,1,5,0,6,37,56,39,16,18,5,8,0,0,0,0,0,0,0,0,0,0,0,0,0,0,0,0,0,0,0,0,0,0,0,0,19,0,77,0,1,0,0,0,13,0,0,0,0,0,0,0,0,0,0,0
200527,2022Q1,2,6,15,6,2,6,25,40,39,34,21,42,0,5,11,18,16,60,133,107,62,76,49,66,0,0,0,0,0,0,0,0,0,0,0,0,0,0,0,0,0,0,0,0,0,0,0,0,52,0,163,0,0,0,0,0,0,0,0,0,0,5,12,5,2,4,23,36,36,30,20,40,0,3,11,16,15,57,120,102,59,73,47,63,0,0,0,0,0,0,0,0,0,0,0,0,0,0,0,0,0,0,0,0,0,0,0,0,48,0,148,0,0,0,0,0,0,0,0,0,0,0,0,0,0,0,0,0
200605,2022Q1,0,3,7,2,2,5,20,20,16,11,13,17,0,3,15,3,9,32,43,47,32,27,16,16,0,0,0,0,0,0,0,0,0,0,0,0,0,0,0,0,0,0,0,0,0,0,0,0,11,0,85,0,0,0,0,0,0,0,0,0,0,2,6,2,1,5,19,20,16,10,13,17,0,2,15,3,8,32,43,45,31,27,15,16,0,0,0,0,0,0,0,0,0,0,0,0,0,0,0,0,0,0,0,0,0,0,0,0,11,0,81,0,0,0,0,0,0,0,0,0,0,0,0,0,0,0,0,0
200574,2022Q1,0,9,22,18,8,5,20,46,69,48,47,76,0,19,25,26,8,100,185,206,177,109,61,82,0,0,0,0,0,0,0,0,0,0,0,0,0,0,0,0,0,0,0,0,0,0,0,0,49,0,238,0,1,0,0,0,4,0,0,0,0,4,8,11,8,3,18,43,58,40,42,66,0,7,8,15,8,84,156,189,168,101,55,75,0,0,0,0,0,0,0,0,0,0,0,0,0,0,0,0,0,0,0,0,0,0,0,0,42,0,219,0,1,0,0,0,3,0,0,0,0,0,0,0,0,0,0,0
200535,2022Q1,0,2,3,4,1,4,11,13,22,14,13,28,0,6,4,3,7,24,38,64,66,58,29,36,0,0,0,0,0,0,0,0,0,0,0,0,0,0,0,0,0,0,0,0,0,0,0,0,20,0,115,0,0,0,0,0,0,0,0,0,0,2,2,3,0,4,11,12,21,13,11,24,0,6,3,2,7,22,38,55,63,55,26,35,0,0,0,0,0,0,0,0,0,0,0,0,0,0,0,0,0,0,0,0,0,0,0,0,19,0,105,0,0,0,0,0,0,0,0,0,0,0,0,0,0,0,0,0
200462,2022Q1,0,0,4,5,4,7,9,19,20,24,12,44,0,2,4,2,11,20,29,36,20,33,25,49,0,0,0,0,0,0,0,0,0,0,0,0,0,0,0,0,0,0,0,0,0,0,0,0,6,0,22,0,0,0,0,0,0,0,0,0,0,0,4,5,3,6,9,17,19,23,12,40,0,1,2,1,11,14,28,34,20,32,22,48,0,0,0,0,0,0,0,0,0,0,0,0,0,0,0,0,0,0,0,0,0,0,0,0,5,0,21,0,0,0,0,0,0,0,0,0,0,0,0,0,0,0,0,0
200625,2022Q1,0,5,13,6,1,2,19,26,23,22,21,44,0,2,12,9,6,43,76,110,67,53,39,51,0,0,0,0,0,0,0,0,0,0,0,0,0,0,0,0,0,0,0,0,0,0,0,0,23,0,175,0,0,0,0,0,0,0,0,0,0,3,8,5,1,2,18,25,20,19,21,41,0,1,11,7,4,40,71,100,61,50,34,46,0,0,0,0,0,0,0,0,0,0,0,0,0,0,0,0,0,0,0,0,0,0,0,0,21,0,160,0,0,0,0,0,0,0,0,0,0,0,0,0,0,0,0,0
200447,2022Q1,1,7,9,6,2,11,21,43,49,46,36,60,0,6,19,5,13,51,85,80,96,63,41,71,0,0,0,0,0,0,0,0,0,0,0,0,0,0,0,0,0,0,0,0,0,0,0,0,30,0,169,0,0,0,0,0,0,0,0,0,0,6,8,6,2,10,19,41,45,44,35,57,0,5,15,4,11,50,83,75,93,59,39,70,0,0,0,0,0,0,0,0,0,0,0,0,0,0,0,0,0,0,0,0,0,0,0,0,29,0,162,0,0,0,0,0,0,0,0,0,0,0,0,0,0,0,0,0
200617,2022Q1,1,6,14,8,2,1,6,19,21,14,12,19,0,8,13,5,4,42,84,95,60,32,22,41,0,0,0,0,0,0,0,0,0,0,0,0,0,0,0,0,0,0,0,0,0,0,0,0,31,0,135,0,0,0,0,0,0,0,0,0,0,4,7,8,1,1,5,16,16,11,10,16,0,4,8,0,3,34,68,82,52,26,21,37,0,0,0,0,0,0,0,0,0,0,0,0,0,0,0,0,0,0,0,0,0,0,0,0,23,0,115,0,0,0,0,0,0,0,0,0,1,0,0,0,1,0,0,0
200472,2022Q1,0,1,4,2,1,7,22,46,40,32,24,40,1,1,6,5,4,45,82,80,58,37,35,33,0,0,0,0,0,0,0,0,0,0,0,0,0,0,0,0,0,0,0,0,0,0,0,0,19,0,102,0,0,0,0,0,0,0,0,0,0,0,3,1,1,7,20,40,34,27,19,36,1,1,6,4,3,43,69,66,46,31,28,31,0,0,0,0,0,0,0,0,0,0,0,0,0,0,0,0,0,0,0,0,0,0,0,0,18,0,88,0,0,0,0,0,0,0,0,0,0,0,0,0,0,0,0,0
200147,2022Q1,0,1,5,3,6,8,16,27,24,30,15,21,1,6,11,3,13,51,40,60,43,27,6,23,0,0,0,0,0,0,0,0,0,0,0,0,0,0,0,0,0,0,0,0,0,0,0,0,11,0,93,0,0,0,0,0,0,0,1,0,0,1,5,3,5,8,13,26,23,29,15,20,1,2,10,2,12,45,39,56,40,26,5,21,0,0,0,0,0,0,0,0,0,0,0,0,0,0,0,0,0,0,0,0,0,0,0,0,10,0,83,0,0,0,0,0,0,0,1,0,0,0,0,0,0,0,0,0
200588,2022Q1,1,5,11,1,6,10,16,39,47,28,30,41,0,10,8,6,9,56,90,85,69,34,20,57,0,0,0,0,0,0,0,0,0,0,0,0,0,0,0,0,0,0,0,0,0,0,0,0,30,0,114,0,0,0,0,0,0,0,0,0,0,3,10,1,3,8,16,37,45,24,30,38,0,9,5,4,8,48,82,72,69,33,20,57,0,0,0,0,0,0,0,0,0,0,0,0,0,0,0,0,0,0,0,0,0,0,0,0,21,0,104,0,0,0,0,0,0,0,0,0,0,0,0,0,0,0,0,0
201698,2022Q1,0,8,8,2,3,8,25,56,60,44,22,23,0,2,11,2,20,108,163,147,119,40,21,26,0,0,0,0,0,0,0,0,0,0,0,0,0,0,0,0,0,0,0,0,0,0,0,0,52,0,232,0,0,0,0,0,0,0,0,0,0,6,7,2,3,8,24,53,54,43,22,19,0,2,10,2,15,99,153,137,114,36,20,26,0,0,0,0,0,0,0,0,0,0,0,0,0,0,0,0,0,0,0,0,0,0,0,0,48,0,214,0,0,0,0,0,0,0,0,0,0,0,0,0,0,0,0,0
200032,2022Q1,0,0,4,1,1,6,8,20,25,25,28,35,0,3,6,3,5,43,61,80,55,45,18,25,0,0,0,0,0,0,0,0,0,0,0,0,0,0,0,0,0,0,0,0,0,0,0,0,31,0,89,0,0,0,0,0,0,0,0,0,0,0,3,1,1,6,6,20,23,24,27,32,0,2,4,3,5,41,59,77,51,41,18,23,0,0,0,0,0,0,0,0,0,0,0,0,0,0,0,0,0,0,0,0,0,0,0,0,27,0,87,0,0,0,0,0,0,0,0,0,0,0,0,0,0,0,0,0
200615,2022Q1,0,7,13,12,5,9,23,47,37,41,27,39,0,7,10,12,13,64,179,183,140,86,52,76,0,0,0,0,0,0,0,0,0,0,0,0,0,0,0,0,0,0,0,0,0,0,0,0,72,0,232,0,0,0,0,0,7,0,0,0,0,4,10,7,5,9,21,44,35,40,26,38,0,6,6,10,11,52,157,172,128,83,49,73,0,0,0,0,0,0,0,0,0,0,0,0,0,0,0,0,0,0,0,0,0,0,0,0,64,0,211,0,0,0,0,0,7,0,0,0,0,0,0,0,0,0,0,0
200463,2022Q1,0,9,22,12,12,14,50,84,102,80,60,89,0,13,22,22,15,137,297,247,202,149,78,125,0,0,0,0,0,0,0,0,0,0,0,0,0,0,0,0,0,0,0,0,0,0,0,0,65,0,381,0,0,0,0,0,125,0,3,0,0,4,21,9,8,13,44,76,88,77,55,85,0,5,17,20,11,121,277,239,192,141,74,120,0,0,0,0,0,0,0,0,0,0,0,0,0,0,0,0,0,0,0,0,0,0,0,0,58,0,355,0,0,0,0,0,122,0,3,0,0,0,0,0,0,0,0,0
200604,2022Q1,0,5,3,7,4,1,5,20,21,20,15,23,0,8,3,9,10,40,50,86,48,76,36,37,0,0,0,0,0,0,0,0,0,0,0,0,0,0,0,0,0,0,0,0,0,0,0,0,23,0,119,0,0,0,0,0,0,0,0,0,0,1,3,7,4,1,5,15,15,17,12,22,0,5,2,4,5,34,46,78,42,66,35,32,0,0,0,0,0,0,0,0,0,0,0,0,0,0,0,0,0,0,0,0,0,0,0,0,21,0,106,0,0,0,0,0,0,0,0,0,0,0,0,0,0,0,0,0
200542,2022Q1,0,1,4,3,2,3,17,18,27,24,14,18,0,2,9,3,4,28,61,42,43,27,16,30,0,0,0,0,0,0,0,0,0,0,0,0,0,0,0,0,0,0,0,0,0,0,0,0,23,0,49,0,0,0,0,0,0,0,0,0,0,1,3,3,2,2,15,18,24,24,11,17,0,2,9,3,4,25,55,40,40,26,16,28,0,0,0,0,0,0,0,0,0,0,0,0,0,0,0,0,0,0,0,0,0,0,0,0,19,0,46,0,0,0,0,0,0,0,0,0,0,0,0,0,0,0,0,0
200538,2022Q1,0,2,10,6,3,3,8,5,17,19,22,26,0,4,11,8,2,31,36,64,59,92,45,44,0,0,0,0,0,0,0,0,0,0,0,0,0,0,0,0,0,0,0,0,0,0,0,0,30,0,88,0,0,0,0,0,0,0,0,0,0,2,6,5,3,3,7,5,15,18,20,24,0,4,9,4,1,25,29,58,53,81,40,40,0,0,0,0,0,0,0,0,0,0,0,0,0,0,0,0,0,0,0,0,0,0,0,0,28,0,72,0,0,0,0,0,0,0,0,0,0,0,0,0,0,0,0,0
200561,2022Q1,0,5,8,6,3,3,12,14,22,20,14,31,0,10,9,4,11,27,68,61,47,52,42,39,0,0,0,0,0,0,0,0,0,0,0,0,0,0,0,0,0,0,0,0,0,0,0,0,20,0,103,0,0,0,0,0,0,0,0,0,0,5,7,4,3,3,11,14,21,20,14,29,0,8,8,3,9,24,57,54,45,46,41,35,0,0,0,0,0,0,0,0,0,0,0,0,0,0,0,0,0,0,0,0,0,0,0,0,14,0,90,0,0,0,0,0,0,0,0,0,0,0,0,0,0,0,0,0
321326,2022Q1,0,4,6,4,1,1,13,6,24,18,17,25,0,3,7,1,5,32,43,47,47,35,26,41,0,0,0,0,0,0,0,0,0,0,0,0,0,0,0,0,0,0,0,0,0,0,0,0,30,0,61,0,0,0,0,0,0,0,0,0,0,3,5,4,1,1,12,5,20,17,15,24,0,3,3,1,4,30,35,45,44,35,25,40,0,0,0,0,0,0,0,0,0,0,0,0,0,0,0,0,0,0,0,0,0,0,0,0,27,0,56,0,0,0,0,0,0,0,0,0,0,0,0,0,0,0,0,0
200173,2022Q1,0,7,9,5,4,5,21,17,24,21,9,35,0,3,4,7,7,35,68,67,52,43,13,22,0,0,0,0,0,0,0,0,0,0,0,0,0,0,0,0,0,0,0,0,0,0,0,0,22,0,86,0,0,0,1,0,0,0,0,0,0,7,8,5,3,5,16,14,20,19,8,27,0,3,3,7,6,30,63,62,41,38,9,19,0,0,0,0,0,0,0,0,0,0,0,0,0,0,0,0,0,0,0,0,0,0,0,0,20,0,85,0,0,0,1,0,0,0,0,0,0,0,0,0,0,0,0,0
200522,2022Q1,0,7,16,11,7,5,17,61,62,34,37,70,2,17,22,12,13,84,188,220,182,96,57,69,0,0,0,0,0,0,0,0,0,0,0,0,0,0,0,0,0,0,0,0,0,0,0,0,68,0,320,0,0,0,0,0,0,0,0,0,0,7,9,8,6,5,17,57,57,33,35,65,2,15,20,10,12,76,178,212,177,93,54,66,0,0,0,0,0,0,0,0,0,0,0,0,0,0,0,0,0,0,0,0,0,0,0,0,65,0,306,0,0,0,0,0,0,0,0,0,0,0,0,0,0,0,0,0
200023,2022Q1,0,10,23,17,31,25,66,125,165,159,104,161,0,8,29,29,48,202,302,320,299,188,95,173,0,0,0,0,0,0,0,0,0,0,0,0,0,0,0,0,0,0,0,0,0,0,0,0,93,0,472,0,0,0,0,0,44,0,0,0,0,4,19,14,27,21,60,111,151,153,101,142,0,4,20,25,39,190,288,308,290,181,93,168,0,0,0,0,0,0,0,0,0,0,0,0,0,0,0,0,0,0,0,0,0,0,0,0,89,0,457,0,0,0,0,0,41,0,0,0,0,0,0,0,0,0,0,0
200536,2022Q1,0,9,28,25,15,7,36,60,71,67,54,90,0,13,34,21,19,123,274,291,245,198,119,168,0,0,0,0,0,0,0,0,0,0,0,0,0,0,0,0,0,0,0,0,0,0,0,0,93,0,432,0,0,0,3,0,6,0,0,0,0,4,22,19,13,4,32,52,64,64,49,80,0,5,23,16,17,106,251,261,226,192,114,162,0,0,0,0,0,0,0,0,0,0,0,0,0,0,0,0,0,0,0,0,0,0,0,0,81,0,395,0,0,0,2,0,5,0,0,0,0,0,0,0,0,0,0,0
200497,2022Q1,0,5,3,0,1,6,9,19,12,10,10,18,0,5,3,1,6,17,32,21,19,16,16,19,0,0,0,0,0,0,0,0,0,0,0,0,0,0,0,0,0,0,0,0,0,0,0,0,12,0,23,0,0,0,0,0,0,0,0,0,0,4,3,0,0,6,9,11,9,8,10,16,0,2,2,1,5,14,26,20,19,14,13,13,0,0,0,0,0,0,0,0,0,0,0,0,0,0,0,0,0,0,0,0,0,0,0,0,10,0,20,0,0,0,0,0,0,0,0,0,0,0,0,0,0,0,0,0
200152,2022Q1,0,15,20,16,14,9,41,61,82,73,50,86,0,21,20,21,36,157,239,297,200,137,77,93,0,0,0,0,0,0,0,0,0,0,0,0,0,0,0,0,0,0,0,0,0,0,0,0,109,0,494,0,0,0,2,0,54,0,0,0,0,12,14,10,12,8,36,52,80,67,48,83,0,16,15,17,31,142,231,288,192,131,68,86,0,0,0,0,0,0,0,0,0,0,0,0,0,0,0,0,0,0,0,0,0,0,0,0,98,0,476,0,0,0,1,0,49,0,0,0,0,0,0,0,0,0,0,0
200612,2022Q1,0,13,16,10,3,1,15,25,37,24,15,27,0,11,17,10,9,69,175,190,123,60,24,27,0,0,0,0,0,0,0,0,0,0,0,0,0,0,0,0,0,0,0,0,0,0,0,0,58,0,206,0,0,0,0,0,0,0,0,0,0,7,12,8,2,0,15,24,32,23,13,24,0,3,13,4,9,60,149,169,118,58,23,26,0,0,0,0,0,0,0,0,0,0,0,0,0,0,0,0,0,0,0,0,0,0,0,0,49,0,180,0,0,0,0,0,0,0,0,0,0,0,0,0,0,0,0,0
200548,2022Q1,0,0,3,3,3,12,31,49,43,30,16,40,0,8,12,3,14,58,100,78,53,43,24,59,0,0,0,0,0,0,0,0,0,0,0,0,0,0,0,0,0,0,0,0,0,0,0,0,47,0,88,0,0,0,0,0,7,0,0,0,0,0,3,2,2,11,29,48,40,28,16,39,0,7,10,2,13,53,93,75,47,38,22,57,0,0,0,0,0,0,0,0,0,0,0,0,0,0,0,0,0,0,0,0,0,0,0,0,45,0,78,0,0,0,0,0,5,0,0,0,0,0,0,0,0,0,0,0
200192,2022Q1,0,19,34,11,20,14,46,91,109,94,65,101,0,20,32,14,27,199,410,434,317,198,120,144,0,0,0,0,0,0,0,0,0,0,0,0,0,0,0,0,0,0,0,0,0,0,0,0,150,0,698,0,0,0,4,0,68,0,5,0,0,8,20,9,13,13,40,82,97,91,63,99,0,12,21,9,20,171,363,399,295,185,114,138,0,0,0,0,0,0,0,0,0,0,0,0,0,0,0,0,0,0,0,0,0,0,0,0,123,0,634,0,0,0,3,0,65,0,4,0,0,0,0,0,0,0,0,0
200566,2022Q1,0,5,7,4,1,3,5,17,27,23,28,64,0,1,4,7,6,29,78,92,103,109,63,104,0,0,0,0,0,0,0,0,0,0,0,0,0,0,0,0,0,0,0,0,0,0,0,0,33,0,121,0,0,0,0,0,3,0,0,0,0,1,4,3,1,3,5,15,25,23,28,62,0,0,2,6,5,27,71,88,103,105,62,100,0,0,0,0,0,0,0,0,0,0,0,0,0,0,0,0,0,0,0,0,0,0,0,0,30,0,117,0,0,0,0,0,3,0,0,0,0,0,0,0,0,0,0,0
201028,2022Q1,0,2,4,5,2,4,42,55,57,48,27,43,0,3,10,6,6,48,87,79,58,33,25,31,0,0,0,0,0,0,0,0,0,0,0,0,0,0,0,0,0,0,0,0,0,0,0,0,18,0,58,0,0,0,0,0,3,0,0,0,0,1,4,5,2,4,41,53,57,48,25,42,0,2,9,6,6,46,84,77,56,33,21,31,0,0,0,0,0,0,0,0,0,0,0,0,0,0,0,0,0,0,0,0,0,0,0,0,18,0,56,0,0,0,0,0,3,0,0,0,0,0,0,0,0,0,0,0
338290,2022Q1,0,2,3,3,1,6,4,10,15,13,8,8,0,3,6,1,9,17,28,28,26,21,8,18,0,0,0,0,0,0,0,0,0,0,0,0,0,0,0,0,0,0,0,0,0,0,0,0,11,0,14,0,0,0,0,0,0,0,0,0,0,1,2,2,1,5,2,10,14,12,8,8,0,1,5,1,8,15,27,28,24,20,8,18,0,0,0,0,0,0,0,0,0,0,0,0,0,0,0,0,0,0,0,0,0,0,0,0,10,0,14,0,0,0,0,0,0,0,0,0,0,0,0,0,0,0,0,0
200559,2022Q1,0,2,5,5,4,4,14,26,29,34,36,42,0,12,12,4,15,55,94,113,116,122,38,53,0,0,0,0,0,0,0,0,0,0,0,0,0,0,0,0,0,0,0,0,0,0,0,0,46,0,194,0,0,0,0,0,1,0,0,0,0,2,2,4,3,4,12,23,29,32,30,38,0,5,6,2,9,50,84,101,98,107,35,49,0,0,0,0,0,0,0,0,0,0,0,0,0,0,0,0,0,0,0,0,0,0,0,0,41,0,175,0,0,0,0,0,1,0,0,0,0,0,0,0,0,0,0,0
200454,2022Q1,0,6,10,0,3,5,16,38,31,31,27,46,0,4,6,4,8,49,119,105,80,67,56,57,0,0,0,0,0,0,0,0,0,0,0,0,0,0,0,0,0,0,0,0,0,0,0,0,27,0,125,0,0,0,0,0,27,0,0,0,0,3,7,0,2,4,14,34,29,27,26,43,0,4,3,2,7,44,109,98,77,62,53,52,0,0,0,0,0,0,0,0,0,0,0,0,0,0,0,0,0,0,0,0,0,0,0,0,22,0,121,0,0,0,0,0,23,0,0,0,0,0,0,0,0,0,0,0
200618,2022Q1,0,33,48,61,28,24,88,156,167,152,123,239,0,43,66,56,56,242,562,574,410,352,213,351,0,0,0,0,0,0,0,0,0,0,0,0,0,0,0,0,0,0,0,0,0,0,0,0,244,0,607,0,1,0,11,0,223,0,6,0,0,18,26,45,22,22,72,130,148,138,104,221,0,20,51,41,43,186,469,508,369,330,197,335,0,0,0,0,0,0,0,0,0,0,0,0,0,0,0,0,0,0,0,0,0,0,0,0,189,0,518,0,1,0,10,0,189,0,5,0,0,0,0,0,0,0,0,0
201110,2022Q1,0,4,6,4,3,2,8,29,30,30,22,20,0,0,4,7,5,26,53,75,46,31,24,32,0,0,0,0,0,0,0,0,0,0,0,0,0,0,0,0,0,0,0,0,0,0,0,0,25,0,115,0,0,0,0,0,25,0,0,0,0,3,4,3,2,2,7,28,29,28,22,20,0,0,3,5,4,23,47,72,41,29,24,31,0,0,0,0,0,0,0,0,0,0,0,0,0,0,0,0,0,0,0,0,0,0,0,0,21,0,105,0,0,0,0,0,22,0,0,0,0,0,0,0,0,0,0,0
200525,2022Q1,0,20,36,59,37,51,88,226,336,302,233,462,1,20,60,64,69,289,659,863,869,586,315,521,0,0,0,0,0,0,0,0,0,0,0,0,0,0,0,0,0,0,0,0,0,0,0,0,179,0,761,0,0,0,0,0,154,0,3,0,0,14,27,48,29,44,83,214,312,281,226,453,1,11,48,56,53,265,618,818,840,563,304,507,0,0,0,0,0,0,0,0,0,0,0,0,0,0,0,0,0,0,0,0,0,0,0,0,164,0,709,0,0,0,0,0,145,0,3,0,0,0,0,0,0,0,0,0
200165,2022Q1,1,2,10,2,4,3,6,25,11,25,15,25,0,5,9,7,6,40,70,85,47,37,14,22,0,0,0,0,0,0,0,0,0,0,0,0,0,0,0,0,0,0,0,0,0,0,0,0,16,0,163,0,0,0,0,0,1,0,0,0,0,1,4,2,2,2,6,25,10,23,15,23,0,1,5,7,5,32,63,80,46,35,13,21,0,0,0,0,0,0,0,0,0,0,0,0,0,0,0,0,0,0,0,0,0,0,0,0,15,0,151,0,0,0,0,0,1,0,0,0,0,0,0,0,0,0,0,0
200459,2022Q1,0,9,12,2,8,16,43,71,95,65,41,80,0,5,10,15,7,65,109,124,92,62,42,60,0,0,0,0,0,0,0,0,0,0,0,0,0,0,0,0,0,0,0,0,0,0,0,0,35,0,152,0,0,0,0,0,3,0,0,0,0,7,11,1,7,15,42,61,88,62,41,77,0,5,8,12,6,62,102,120,88,59,39,58,0,0,0,0,0,0,0,0,0,0,0,0,0,0,0,0,0,0,0,0,0,0,0,0,33,0,147,0,0,0,0,0,3,0,0,0,0,0,0,0,0,0,0,0
201645,2022Q1,0,2,7,3,0,3,12,20,33,27,24,43,0,3,9,4,5,23,37,46,63,48,30,36,0,0,0,0,0,0,0,0,0,0,0,0,0,0,0,0,0,0,0,0,0,0,0,0,18,0,62,0,1,0,0,0,0,0,0,0,0,2,7,2,0,3,10,19,29,27,23,38,0,2,9,4,4,21,34,46,59,47,27,36,0,0,0,0,0,0,0,0,0,0,0,0,0,0,0,0,0,0,0,0,0,0,0,0,18,0,56,0,1,0,0,0,0,0,0,0,0,0,0,0,0,0,0,0
200937,2022Q1,0,23,57,30,31,19,65,143,179,138,123,218,0,25,44,40,49,199,423,521,404,269,181,291,0,0,0,0,0,0,0,0,0,0,0,0,0,0,0,0,0,0,0,0,0,0,0,0,147,0,656,0,0,0,0,0,7,0,0,0,0,13,46,26,24,19,61,133,164,128,117,205,0,17,33,35,43,188,391,485,381,259,169,275,0,0,0,0,0,0,0,0,0,0,0,0,0,0,0,0,0,0,0,0,0,0,0,0,126,0,618,0,0,0,0,0,5,0,0,0,0,0,0,0,0,0,0,0
200657,2022Q1,0,8,14,15,7,14,36,57,65,64,52,81,1,8,17,16,20,137,241,204,160,141,68,102,0,0,0,0,0,0,0,0,0,0,0,0,0,0,0,0,0,0,0,0,0,0,0,0,147,0,277,0,0,0,0,0,3,0,1,0,0,2,12,14,7,10,34,52,58,57,51,71,0,3,14,12,16,123,211,181,145,128,64,96,0,0,0,0,0,0,0,0,0,0,0,0,0,0,0,0,0,0,0,0,0,0,0,0,122,0,247,0,0,0,0,0,3,0,1,0,0,0,0,0,0,0,0,0
200576,2022Q1,0,9,17,12,12,5,18,24,21,18,22,30,0,9,22,14,9,56,99,93,63,60,29,68,0,0,0,0,0,0,0,0,0,0,0,0,0,0,0,0,0,0,0,0,0,0,0,0,42,0,139,0,0,0,0,0,0,0,0,0,0,5,10,11,6,4,16,23,21,14,21,30,0,1,17,7,6,45,93,88,55,56,25,66,0,0,0,0,0,0,0,0,0,0,0,0,0,0,0,0,0,0,0,0,0,0,0,0,38,0,126,0,0,0,0,0,0,0,0,0,0,0,0,0,0,0,0,0
200513,2022Q1,0,3,6,3,1,3,2,4,19,19,11,16,0,1,7,3,2,17,38,47,56,39,14,25,0,0,0,0,0,0,0,0,0,0,0,0,0,0,0,0,0,0,0,0,0,0,0,0,13,0,50,0,0,0,0,0,0,0,0,0,0,1,5,2,1,3,2,4,19,18,10,16,0,1,6,1,1,14,34,43,53,36,12,24,0,0,0,0,0,0,0,0,0,0,0,0,0,0,0,0,0,0,0,0,0,0,0,0,12,0,45,0,0,0,0,0,0,0,0,0,0,0,0,0,0,0,0,0
200552,2022Q1,1,9,22,25,18,7,58,81,92,77,65,135,0,17,25,17,28,112,260,220,185,138,119,163,0,0,0,0,0,0,0,0,0,0,0,0,0,0,0,0,0,0,0,0,0,0,0,0,98,0,381,0,0,0,0,0,4,0,0,0,0,7,16,20,15,7,56,73,85,74,60,132,0,11,21,13,22,93,247,207,178,132,113,157,0,0,0,0,0,0,0,0,0,0,0,0,0,0,0,0,0,0,0,0,0,0,0,0,86,0,362,0,0,0,0,0,4,0,0,0,0,0,0,0,0,0,0,0
200530,2022Q1,0,4,4,3,0,4,8,26,30,23,33,36,0,3,3,7,5,40,60,57,49,39,29,50,0,0,0,0,0,0,0,0,0,0,0,0,0,0,0,0,0,0,0,0,0,0,0,0,21,0,86,0,0,0,0,0,0,0,0,0,0,3,3,2,0,3,8,22,28,21,31,30,0,2,2,5,4,35,54,51,45,35,23,47,0,0,0,0,0,0,0,0,0,0,0,0,0,0,0,0,0,0,0,0,0,0,0,0,18,0,70,0,0,0,0,0,0,0,0,0,0,0,0,0,0,0,0,0
200586,2022Q1,0,1,9,3,2,0,1,6,6,15,12,24,0,0,4,7,1,17,21,64,52,67,30,44,0,0,0,0,0,0,0,0,0,0,0,0,0,0,0,0,0,0,0,0,0,0,0,0,6,0,64,0,0,0,0,0,0,0,0,0,0,0,2,2,1,0,1,4,4,11,10,22,0,0,2,3,0,12,20,53,45,58,27,36,0,0,0,0,0,0,0,0,0,0,0,0,0,0,0,0,0,0,0,0,0,0,0,0,4,0,53,0,0,0,0,0,0,0,0,0,0,0,0,0,0,0,0,0
200532,2022Q1,0,6,5,4,5,3,11,32,21,27,19,30,1,5,12,5,4,55,77,91,51,36,17,29,0,0,0,0,0,0,0,0,0,0,0,0,0,0,0,0,0,0,0,0,0,0,0,0,31,0,128,0,0,0,0,0,0,0,0,0,0,3,4,2,4,2,10,30,21,25,18,25,0,3,10,5,3,49,68,87,48,33,15,27,0,0,0,0,0,0,0,0,0,0,0,0,0,0,0,0,0,0,0,0,0,0,0,0,30,0,116,0,0,0,0,0,0,0,0,0,0,0,0,0,0,0,0,0
321330,2022Q1,0,10,7,4,3,4,17,28,33,22,12,18,0,16,11,5,9,60,108,104,53,28,21,33,0,0,0,0,0,0,0,0,0,0,0,0,0,0,0,0,0,0,0,0,0,0,0,0,34,0,132,0,0,0,0,0,2,0,1,0,0,4,6,2,3,3,15,24,31,19,11,17,0,3,9,3,8,53,87,90,46,27,20,31,0,0,0,0,0,0,0,0,0,0,0,0,0,0,0,0,0,0,0,0,0,0,0,0,27,0,111,0,0,0,0,0,1,0,1,0,0,0,0,0,0,0,0,0
200500,2022Q1,1,12,17,13,6,10,45,69,57,67,47,103,2,13,17,13,31,134,248,205,162,121,70,141,0,0,0,0,0,0,0,0,0,0,0,0,0,0,0,0,0,0,0,0,0,0,0,0,93,0,301,0,0,0,2,0,67,0,0,0,0,6,11,12,6,9,44,64,49,64,44,100,1,10,17,11,28,118,227,195,154,116,68,134,0,0,0,0,0,0,0,0,0,0,0,0,0,0,0,0,0,0,0,0,0,0,0,0,84,0,270,0,0,0,2,0,64,0,0,0,0,0,0,0,0,0,0,0
200475,2022Q1,0,3,11,3,3,11,20,31,28,45,27,62,0,2,7,3,11,41,61,61,73,92,31,42,0,0,0,0,0,0,0,0,0,0,0,0,0,0,0,0,0,0,0,0,0,0,0,0,16,0,110,0,0,0,0,0,0,0,0,0,0,1,3,1,1,7,12,22,20,31,19,50,0,1,5,2,8,34,50,48,57,67,23,31,0,0,0,0,0,0,0,0,0,0,0,0,0,0,0,0,0,0,0,0,0,0,0,0,13,0,93,0,0,0,0,0,0,0,0,0,0,0,0,0,0,0,0,0
200643,2022Q1,0,3,7,6,9,4,14,26,28,18,12,35,0,11,10,13,11,36,80,80,85,62,33,57,0,0,0,0,0,0,0,0,0,0,0,0,0,0,0,0,0,0,0,0,0,0,0,0,28,0,58,0,0,0,0,0,0,0,0,0,0,0,5,4,6,3,12,18,22,14,11,35,0,6,6,7,9,29,62,71,72,59,30,52,0,0,0,0,0,0,0,0,0,0,0,0,0,0,0,0,0,0,0,0,0,0,0,0,20,0,44,0,0,0,0,0,0,0,0,0,0,0,0,0,0,0,0,0
200155,2022Q1,0,9,25,34,19,13,41,102,144,144,85,172,0,17,42,39,37,85,264,375,299,234,165,216,0,0,0,0,0,0,0,0,0,0,0,0,0,0,0,0,0,0,0,0,0,0,0,0,71,0,445,0,0,0,0,0,63,0,54,0,0,6,22,31,16,12,39,97,134,134,81,162,0,6,34,34,35,79,245,349,286,224,161,209,0,0,0,0,0,0,0,0,0,0,0,0,0,0,0,0,0,0,0,0,0,0,0,0,59,0,420,0,0,0,0,0,57,0,46,0,0,0,0,0,0,0,0,0
200490,2022Q1,0,0,3,3,1,6,8,24,22,22,25,46,0,1,4,4,9,21,36,48,41,48,36,57,0,0,0,0,0,0,0,0,0,0,0,0,0,0,0,0,0,0,0,0,0,0,0,0,7,0,63,0,0,0,0,0,1,0,0,0,0,0,2,2,1,5,7,21,18,21,21,43,0,1,3,4,7,17,34,41,37,46,33,53,0,0,0,0,0,0,0,0,0,0,0,0,0,0,0,0,0,0,0,0,0,0,0,0,7,0,57,0,0,0,0,0,1,0,0,0,0,0,0,0,0,0,0,0
201205,2022Q1,0,2,3,3,1,3,8,10,12,11,9,9,0,4,2,2,5,28,44,32,28,22,10,12,0,0,0,0,0,0,0,0,0,0,0,0,0,0,0,0,0,0,0,0,0,0,0,0,15,0,68,0,0,0,0,0,0,0,0,0,0,1,3,2,1,3,7,6,10,10,9,8,0,0,2,2,2,22,38,27,25,20,10,10,0,0,0,0,0,0,0,0,0,0,0,0,0,0,0,0,0,0,0,0,0,0,0,0,12,0,55,0,0,0,0,0,0,0,0,0,0,0,0,0,0,0,0,0
200560,2022Q1,0,11,9,6,2,6,24,43,47,59,51,63,1,8,9,7,9,77,135,136,93,72,47,65,0,0,0,0,0,0,0,0,0,0,0,0,0,0,0,0,0,0,0,0,0,0,0,0,59,0,266,0,1,0,0,0,0,0,0,0,0,11,7,5,2,6,23,41,47,55,50,61,1,5,8,6,9,71,132,132,91,69,46,64,0,0,0,0,0,0,0,0,0,0,0,0,0,0,0,0,0,0,0,0,0,0,0,0,59,0,257,0,1,0,0,0,0,0,0,0,0,0,0,0,0,0,0,0
200638,2022Q1,0,5,19,12,12,5,12,40,47,55,27,69,0,11,24,26,15,72,126,181,149,132,72,84,0,0,0,0,0,0,0,0,0,0,0,0,0,0,0,0,0,0,0,0,0,0,0,0,32,0,204,0,0,0,0,0,0,0,0,0,0,3,11,5,6,5,11,37,40,52,26,63,0,7,14,17,11,58,110,164,130,125,62,78,0,0,0,0,0,0,0,0,0,0,0,0,0,0,0,0,0,0,0,0,0,0,0,0,23,0,185,0,0,0,0,0,0,0,0,0,0,0,0,0,0,0,0,0
200563,2022Q1,0,9,11,6,10,13,31,41,63,64,58,87,0,8,8,14,20,73,128,152,149,109,78,129,0,0,0,0,0,0,0,0,0,0,0,0,0,0,0,0,0,0,0,0,0,0,0,0,47,0,204,0,1,0,0,0,68,0,0,0,0,6,9,4,7,13,28,41,63,57,56,85,0,4,6,11,15,71,120,146,144,107,78,127,0,0,0,0,0,0,0,0,0,0,0,0,0,0,0,0,0,0,0,0,0,0,0,0,44,0,197,0,1,0,0,0,64,0,0,0,0,0,0,0,0,0,0,0
200593,2022Q1,0,21,35,47,62,42,91,190,246,222,207,328,1,20,44,64,61,233,498,556,555,407,273,351,0,0,0,0,0,0,0,0,0,0,0,0,0,0,0,0,0,0,0,0,0,0,0,0,240,0,528,0,2,0,1,0,16,0,1,0,0,11,30,41,57,40,83,181,237,213,204,311,0,17,29,59,52,205,448,515,533,389,266,344,0,0,0,0,0,0,0,0,0,0,0,0,0,0,0,0,0,0,0,0,0,0,0,0,207,0,474,0,2,0,1,0,15,0,1,0,0,0,0,0,0,0,0,0
200572,2022Q1,0,16,50,40,22,18,54,121,158,124,118,190,0,17,60,40,33,187,366,430,355,252,156,214,0,0,0,0,0,0,0,0,0,0,0,0,0,0,0,0,0,0,0,0,0,0,0,0,88,0,384,0,0,0,0,0,0,0,0,0,0,7,36,34,17,14,47,106,143,113,105,176,0,10,46,30,26,157,317,386,329,233,146,205,0,0,0,0,0,0,0,0,0,0,0,0,0,0,0,0,0,0,0,0,0,0,0,0,67,0,323,0,0,0,0,0,0,0,0,0,0,0,0,0,0,0,0,0
200469,2022Q1,0,9,15,17,8,13,41,84,91,87,66,64,0,3,14,10,15,59,126,122,110,80,48,62,0,0,0,0,0,0,0,0,0,0,0,0,0,0,0,0,0,0,0,0,0,0,0,0,27,0,164,0,0,0,0,0,0,0,0,0,0,7,10,16,7,13,38,81,89,80,64,58,0,3,10,10,13,55,120,116,105,75,45,61,0,0,0,0,0,0,0,0,0,0,0,0,0,0,0,0,0,0,0,0,0,0,0,0,27,0,157,0,0,0,0,0,0,0,0,0,0,0,0,0,0,0,0,0
200484,2022Q1,0,0,7,3,1,2,19,33,31,27,16,31,0,3,10,2,10,49,63,59,46,32,16,31,0,0,0,0,0,0,0,0,0,0,0,0,0,0,0,0,0,0,0,0,0,0,0,0,19,0,92,0,0,0,0,0,0,0,0,0,0,0,6,3,1,2,18,31,30,26,16,31,0,3,7,2,10,45,61,57,44,32,16,31,0,0,0,0,0,0,0,0,0,0,0,0,0,0,0,0,0,0,0,0,0,0,0,0,17,0,87,0,0,0,0,0,0,0,0,0,0,0,0,0,0,0,0,0
200533,2022Q1,0,0,15,27,2,11,21,36,53,47,27,19,0,0,16,22,6,57,88,108,42,24,11,33,0,0,0,0,0,0,0,0,0,0,0,0,0,0,0,0,0,0,0,0,0,0,0,0,23,0,118,0,0,0,0,0,0,0,0,0,0,0,12,20,2,9,18,28,49,40,23,18,0,0,13,15,5,53,81,92,32,16,8,31,0,0,0,0,0,0,0,0,0,0,0,0,0,0,0,0,0,0,0,0,0,0,0,0,21,0,112,0,0,0,0,0,0,0,0,0,0,0,0,0,0,0,0,0
200180,2022Q1,0,7,22,17,7,11,29,56,66,62,46,94,0,16,16,18,30,113,241,262,173,110,73,92,0,0,0,0,0,0,0,0,0,0,0,0,0,0,0,0,0,0,0,0,0,0,0,0,75,0,432,0,0,0,1,0,7,0,3,0,0,1,15,12,4,10,25,50,63,60,39,91,0,8,12,10,26,95,209,235,164,102,69,90,0,0,0,0,0,0,0,0,0,0,0,0,0,0,0,0,0,0,0,0,0,0,0,0,61,0,384,0,0,0,1,0,7,0,3,0,0,0,0,0,0,0,0,0
201657,2022Q1,1,21,31,22,9,12,51,82,130,68,43,43,3,29,39,22,34,170,376,335,232,126,62,81,0,0,0,0,0,0,0,0,0,0,0,0,0,0,0,0,0,0,0,0,0,0,0,0,153,0,525,0,0,0,0,0,0,0,42,0,0,9,19,17,6,12,48,73,120,64,41,42,1,22,32,17,26,147,323,299,208,122,60,78,0,0,0,0,0,0,0,0,0,0,0,0,0,0,0,0,0,0,0,0,0,0,0,0,127,0,447,0,0,0,0,0,0,0,41,0,0,0,0,0,0,0,0,0
200613,2022Q1,0,11,27,38,24,11,64,73,138,110,94,208,0,15,27,43,46,111,335,365,326,242,185,264,0,0,0,0,0,0,0,0,0,0,0,0,0,0,0,0,0,0,0,0,0,0,0,0,148,0,281,0,0,0,0,0,32,0,0,0,0,4,21,32,19,9,63,67,130,102,87,198,0,7,20,34,39,88,309,334,305,232,173,255,0,0,0,0,0,0,0,0,0,0,0,0,0,0,0,0,0,0,0,0,0,0,0,0,126,0,251,0,0,0,0,0,29,0,0,0,0,0,0,0,0,0,0,0
200590,2022Q1,1,29,63,69,81,34,101,194,293,275,187,447,3,39,58,84,91,323,653,745,756,520,379,589,0,0,0,0,0,0,0,0,0,0,0,0,0,0,0,0,0,0,0,0,0,0,0,0,330,0,834,0,2,0,7,0,25,0,1,0,1,16,45,58,66,28,95,182,270,255,177,435,1,22,49,66,72,274,594,684,717,501,368,578,0,0,0,0,0,0,0,0,0,0,0,0,0,0,0,0,0,0,0,0,0,0,0,0,282,0,747,0,2,0,7,0,25,0,1,0,0,0,0,0,0,0,0,0
200452,2022Q1,0,5,10,14,10,21,51,62,77,69,47,77,0,5,10,14,26,96,159,142,116,86,60,80,0,0,0,0,0,0,0,0,0,0,0,0,0,0,0,0,0,0,0,0,0,0,0,0,58,0,183,0,1,0,0,0,5,0,0,0,0,4,10,14,10,20,50,60,76,67,47,73,0,4,10,12,25,92,149,134,113,82,57,76,0,0,0,0,0,0,0,0,0,0,0,0,0,0,0,0,0,0,0,0,0,0,0,0,53,0,173,0,1,0,0,0,5,0,0,0,0,0,0,0,0,0,0,0
200501,2022Q1,0,5,8,12,4,7,22,32,26,31,11,31,0,3,9,3,4,57,83,70,61,49,32,42,0,0,0,0,0,0,0,0,0,0,0,0,0,0,0,0,0,0,0,0,0,0,0,0,43,0,123,0,0,0,0,0,0,0,0,0,0,1,3,11,3,6,19,29,23,28,10,28,0,1,7,3,3,53,81,63,56,48,31,41,0,0,0,0,0,0,0,0,0,0,0,0,0,0,0,0,0,0,0,0,0,0,0,0,41,0,113,0,0,0,0,0,0,0,0,0,0,0,0,0,0,0,0,0
201658,2022Q1,0,6,4,3,2,4,9,20,15,14,8,10,0,4,6,2,4,30,69,58,28,28,8,12,0,0,0,0,0,0,0,0,0,0,0,0,0,0,0,0,0,0,0,0,0,0,0,0,29,0,59,0,0,0,0,0,0,0,0,0,0,4,0,2,1,3,8,17,13,12,7,10,0,2,2,2,4,22,58,48,25,23,8,12,0,0,0,0,0,0,0,0,0,0,0,0,0,0,0,0,0,0,0,0,0,0,0,0,20,0,50,0,0,0,0,0,0,0,0,0,0,0,0,0,0,0,0,0
200195,2022Q1,0,3,3,3,1,2,8,27,20,34,21,39,0,4,9,3,3,28,51,68,57,32,26,27,0,0,0,0,0,0,0,0,0,0,0,0,0,0,0,0,0,0,0,0,0,0,0,0,30,0,121,0,0,0,0,0,0,0,0,0,0,1,3,1,0,1,8,21,17,31,21,35,0,2,4,1,2,21,41,59,53,30,22,26,0,0,0,0,0,0,0,0,0,0,0,0,0,0,0,0,0,0,0,0,0,0,0,0,21,0,108,0,0,0,0,0,0,0,0,0,0,0,0,0,0,0,0,0
200616,2022Q1,0,6,8,4,4,3,21,20,25,10,13,16,0,5,8,3,9,42,97,81,47,35,16,35,0,0,0,0,0,0,0,0,0,0,0,0,0,0,0,0,0,0,0,0,0,0,0,0,37,0,112,0,0,0,0,0,0,0,0,0,0,2,4,1,4,3,18,17,20,10,10,13,0,1,6,3,7,39,84,75,39,32,15,32,0,0,0,0,0,0,0,0,0,0,0,0,0,0,0,0,0,0,0,0,0,0,0,0,31,0,95,0,0,0,0,0,0,0,0,0,0,0,0,0,0,0,0,0
200523,2022Q1,1,3,11,8,2,6,31,62,35,44,26,33,0,8,22,11,10,52,109,118,67,44,23,27,0,0,0,0,0,0,0,0,0,0,0,0,0,0,0,0,0,0,0,0,0,0,0,0,45,0,90,0,0,0,0,0,0,0,0,0,1,2,11,7,2,6,29,59,32,42,26,32,0,7,21,10,9,52,104,111,64,42,21,26,0,0,0,0,0,0,0,0,0,0,0,0,0,0,0,0,0,0,0,0,0,0,0,0,44,0,87,0,0,0,0,0,0,0,0,0,0,0,0,0,0,0,0,0
200539,2022Q1,0,5,4,5,3,5,17,24,27,27,20,52,0,7,8,9,9,33,44,57,56,58,38,64,0,0,0,0,0,0,0,0,0,0,0,0,0,0,0,0,0,0,0,0,0,0,0,0,20,0,75,0,0,0,0,0,0,0,0,0,0,4,4,5,3,5,14,21,23,21,17,47,0,5,7,4,9,30,37,49,49,55,36,60,0,0,0,0,0,0,0,0,0,0,0,0,0,0,0,0,0,0,0,0,0,0,0,0,19,0,68,0,0,0,0,0,0,0,0,0,0,0,0,0,0,0,0,0
200633,2022Q1,0,3,6,1,0,0,1,6,11,9,7,5,0,4,7,6,8,26,46,44,28,25,8,16,0,0,0,0,0,0,0,0,0,0,0,0,0,0,0,0,0,0,0,0,0,0,0,0,16,0,61,0,0,0,0,0,0,0,0,0,0,1,3,1,0,0,1,5,8,8,7,5,0,1,3,4,8,20,29,38,25,22,8,15,0,0,0,0,0,0,0,0,0,0,0,0,0,0,0,0,0,0,0,0,0,0,0,0,12,0,43,0,0,0,0,0,0,0,0,0,0,0,0,0,0,0,0,0
200479,2022Q1,0,5,7,7,4,7,29,56,51,60,39,63,0,2,7,13,14,62,99,113,118,60,44,91,0,0,0,0,0,0,0,0,0,0,0,0,0,0,0,0,0,0,0,0,0,0,0,0,45,0,167,0,0,0,2,0,30,0,0,0,0,4,7,5,4,6,29,53,48,58,39,61,0,1,5,12,10,61,94,109,115,56,43,91,0,0,0,0,0,0,0,0,0,0,0,0,0,0,0,0,0,0,0,0,0,0,0,0,44,0,156,0,0,0,2,0,30,0,0,0,0,0,0,0,0,0,0,0
200556,2022Q1,0,1,2,10,4,3,8,10,16,13,8,27,0,0,1,5,1,17,46,39,34,36,26,25,0,0,0,0,0,0,0,0,0,0,0,0,0,0,0,0,0,0,0,0,0,0,0,0,8,0,45,0,0,0,0,0,0,0,0,0,0,1,2,10,4,2,8,9,13,10,7,25,0,0,1,4,1,14,42,34,32,34,26,25,0,0,0,0,0,0,0,0,0,0,0,0,0,0,0,0,0,0,0,0,0,0,0,0,4,0,41,0,0,0,0,0,0,0,0,0,0,0,0,0,0,0,0,0
200163,2022Q1,0,5,21,19,15,11,29,78,74,70,33,73,0,15,28,22,23,112,211,201,169,112,53,60,0,0,0,0,0,0,0,0,0,0,0,0,0,0,0,0,0,0,0,0,0,0,0,0,87,0,337,0,0,0,0,0,0,0,5,0,0,3,11,9,7,10,27,69,70,62,32,70,0,5,17,17,23,97,195,187,162,104,51,58,0,0,0,0,0,0,0,0,0,0,0,0,0,0,0,0,0,0,0,0,0,0,0,0,76,0,308,0,0,0,0,0,0,0,4,0,0,0,0,0,0,0,0,0
200157,2022Q1,0,0,3,1,1,5,7,11,9,7,2,9,0,2,4,0,6,18,22,27,21,9,6,11,0,0,0,0,0,0,0,0,0,0,0,0,0,0,0,0,0,0,0,0,0,0,0,0,10,0,51,0,1,0,0,0,0,0,0,0,0,0,3,1,0,5,6,10,9,6,2,8,0,2,3,0,5,16,16,26,20,8,6,10,0,0,0,0,0,0,0,0,0,0,0,0,0,0,0,0,0,0,0,0,0,0,0,0,8,0,46,0,1,0,0,0,0,0,0,0,0,0,0,0,0,0,0,0
200528,2022Q1,0,7,22,20,12,7,40,82,81,73,75,116,0,8,25,26,33,106,232,298,200,129,85,127,0,0,0,0,0,0,0,0,0,0,0,0,0,0,0,0,0,0,0,0,0,0,0,0,98,0,244,0,0,0,94,0,161,0,0,0,0,5,18,15,12,7,37,80,78,70,71,114,0,7,19,20,28,101,223,287,193,122,85,125,0,0,0,0,0,0,0,0,0,0,0,0,0,0,0,0,0,0,0,0,0,0,0,0,91,0,234,0,0,0,89,0,155,0,0,0,0,1,0,0,0,0,0,0
200190,2022Q1,0,10,14,9,8,8,29,42,59,42,40,51,0,6,14,23,11,66,119,163,130,66,48,71,0,0,0,0,0,0,0,0,0,0,0,0,0,0,0,0,0,0,0,0,0,0,0,0,55,0,187,0,0,0,0,0,12,0,0,0,0,6,10,6,7,5,26,38,55,38,36,45,0,3,9,19,10,58,110,155,126,64,46,69,0,0,0,0,0,0,0,0,0,0,0,0,0,0,0,0,0,0,0,0,0,0,0,0,52,0,174,0,0,0,0,0,11,0,0,0,0,0,0,0,0,0,0,0
200191,2022Q1,0,4,4,9,2,4,5,23,26,19,13,28,0,8,7,6,10,51,59,69,55,33,19,34,0,0,0,0,0,0,0,0,0,0,0,0,0,0,0,0,0,0,0,0,0,0,0,0,6,0,132,0,0,0,0,0,1,0,0,0,0,1,0,3,2,2,5,19,18,15,12,23,0,1,2,5,8,38,50,56,46,28,17,28,0,0,0,0,0,0,0,0,0,0,0,0,0,0,0,0,0,0,0,0,0,0,0,0,5,0,118,0,0,0,0,0,0,0,0,0,0,0,0,0,0,0,0,0
200661,2022Q1,0,7,12,9,2,8,24,35,37,27,16,39,0,3,14,7,9,89,132,114,66,50,32,52,0,0,0,0,0,0,0,0,0,0,0,0,0,0,0,0,0,0,0,0,0,0,0,0,41,0,189,0,0,0,0,0,0,0,0,0,0,2,8,7,0,8,20,30,36,25,15,39,0,2,8,6,6,77,112,104,60,47,30,52,0,0,0,0,0,0,0,0,0,0,0,0,0,0,0,0,0,0,0,0,0,0,0,0,33,0,156,0,0,0,0,0,0,0,0,0,0,0,0,0,0,0,0,0
200464,2022Q1,0,4,13,8,5,8,29,32,32,29,19,39,1,11,6,8,15,63,74,82,56,46,37,51,0,0,0,0,0,0,0,0,0,0,0,0,0,0,0,0,0,0,0,0,0,0,0,0,35,0,112,0,0,0,0,0,0,0,0,0,0,4,13,8,3,8,28,31,30,29,18,39,1,11,6,8,15,62,69,80,52,46,36,50,0,0,0,0,0,0,0,0,0,0,0,0,0,0,0,0,0,0,0,0,0,0,0,0,34,0,108,0,0,0,0,0,0,0,0,0,0,0,0,0,0,0,0,0
200154,2022Q1,0,12,10,3,2,0,27,18,20,20,9,23,0,9,9,5,11,49,77,63,69,40,18,34,0,0,0,0,0,0,0,0,0,0,0,0,0,0,0,0,0,0,0,0,0,0,0,0,24,0,136,0,0,0,0,0,0,0,0,0,0,9,8,2,1,0,25,16,15,18,9,20,0,4,7,5,9,44,64,56,63,35,17,32,0,0,0,0,0,0,0,0,0,0,0,0,0,0,0,0,0,0,0,0,0,0,0,0,18,0,115,0,0,0,0,0,0,0,0,0,0,0,0,0,0,0,0,0
200169,2022Q1,0,5,1,0,0,3,5,8,4,9,9,19,0,1,4,0,3,14,22,28,17,13,11,10,0,0,0,0,0,0,0,0,0,0,0,0,0,0,0,0,0,0,0,0,0,0,0,0,5,0,52,0,0,0,0,0,0,0,0,0,0,1,0,0,0,2,5,6,2,8,8,17,0,1,3,0,2,11,17,25,16,13,11,9,0,0,0,0,0,0,0,0,0,0,0,0,0,0,0,0,0,0,0,0,0,0,0,0,3,0,46,0,0,0,0,0,0,0,0,0,0,0,0,0,0,0,0,0
200460,2022Q1,0,18,64,60,58,69,147,318,427,380,276,463,2,16,64,72,80,322,674,808,685,534,357,541,0,0,0,0,0,0,0,0,0,0,0,0,0,0,0,0,0,0,0,0,0,0,0,0,201,0,815,0,0,0,0,0,5,0,0,0,0,13,51,54,53,57,140,299,395,351,254,445,1,14,57,67,71,296,637,761,642,506,339,515,0,0,0,0,0,0,0,0,0,0,0,0,0,0,0,0,0,0,0,0,0,0,0,0,189,0,773,0,0,0,0,0,3,0,0,0,0,0,0,0,0,0,0,0
200491,2022Q1,0,6,13,4,3,17,69,129,148,113,60,74,0,12,18,6,25,166,256,268,191,98,50,53,0,0,0,0,0,0,0,0,0,0,0,0,0,0,0,0,0,0,0,0,0,0,0,0,76,0,366,0,0,0,0,0,3,0,0,0,0,4,10,4,3,16,61,124,137,106,59,74,0,6,15,5,23,143,240,254,179,94,49,50,0,0,0,0,0,0,0,0,0,0,0,0,0,0,0,0,0,0,0,0,0,0,0,0,63,0,342,0,0,0,0,0,3,0,0,0,0,0,0,0,0,0,0,0
200483,2022Q1,0,2,11,11,13,13,28,44,64,64,55,103,0,6,16,19,20,62,117,130,162,110,61,111,0,0,0,0,0,0,0,0,0,0,0,0,0,0,0,0,0,0,0,0,0,0,0,0,40,0,208,0,0,0,0,0,0,0,0,0,0,1,6,11,12,12,25,43,61,63,52,101,0,2,14,16,16,58,110,124,156,105,61,107,0,0,0,0,0,0,0,0,0,0,0,0,0,0,0,0,0,0,0,0,0,0,0,0,37,0,197,0,0,0,0,0,0,0,0,0,0,0,0,0,0,0,0,0
200502,2022Q1,1,1,8,2,0,2,10,19,24,24,25,43,0,3,8,7,4,53,87,78,60,58,46,42,0,0,0,0,0,0,0,0,0,0,0,0,0,0,0,0,0,0,0,0,0,0,0,0,48,0,123,0,0,0,0,0,0,0,0,0,1,1,5,2,0,2,10,19,24,23,25,36,0,3,6,7,3,49,78,76,60,57,45,38,0,0,0,0,0,0,0,0,0,0,0,0,0,0,0,0,0,0,0,0,0,0,0,0,44,0,115,0,0,0,0,0,0,0,0,0,0,0,0,0,0,0,0,0
200567,2022Q1,0,0,6,5,1,1,6,8,7,19,12,27,0,2,2,2,2,9,27,28,41,36,28,34,0,0,0,0,0,0,0,0,0,0,0,0,0,0,0,0,0,0,0,0,0,0,0,0,11,0,43,0,0,0,0,0,0,0,0,0,0,0,3,5,1,0,5,7,7,16,10,27,0,2,2,2,2,9,23,27,39,34,27,33,0,0,0,0,0,0,0,0,0,0,0,0,0,0,0,0,0,0,0,0,0,0,0,0,10,0,40,0,0,0,0,0,0,0,0,0,0,0,0,0,0,0,0,0
200591,2022Q1,1,45,82,87,64,59,128,222,296,303,219,456,1,53,68,97,98,310,745,906,837,589,427,611,0,0,0,0,0,0,0,0,0,0,0,0,0,0,0,0,0,0,0,0,0,0,0,0,360,0,988,0,0,0,84,0,115,0,0,0,1,16,56,71,52,51,118,212,285,284,210,443,0,28,50,79,82,270,680,843,808,569,413,596,0,0,0,0,0,0,0,0,0,0,0,0,0,0,0,0,0,0,0,0,0,0,0,0,323,0,894,0,0,0,76,0,111,0,0,0,0,0,0,0,0,0,0,0
200546,2022Q1,0,4,14,3,0,4,16,28,27,28,17,29,0,6,7,4,8,49,62,70,44,40,16,48,0,0,0,0,0,0,0,0,0,0,0,0,0,0,0,0,0,0,0,0,0,0,0,0,35,0,94,0,0,0,0,0,0,0,0,0,0,3,9,2,0,4,13,24,26,22,14,25,0,3,7,3,8,44,59,66,38,36,16,43,0,0,0,0,0,0,0,0,0,0,0,0,0,0,0,0,0,0,0,0,0,0,0,0,31,0,87,0,0,0,0,0,0,0,0,0,0,0,0,0,0,0,0,0
200529,2022Q1,0,1,3,1,1,3,16,13,24,20,17,34,0,0,6,2,6,30,45,73,60,68,31,40,0,0,0,0,0,0,0,0,0,0,0,0,0,0,0,0,0,0,0,0,0,0,0,0,29,0,82,0,0,0,11,0,5,0,0,0,0,1,3,0,1,3,16,12,21,18,16,30,0,0,6,2,6,30,40,72,58,65,27,37,0,0,0,0,0,0,0,0,0,0,0,0,0,0,0,0,0,0,0,0,0,0,0,0,28,0,79,0,0,0,11,0,4,0,0,0,0,0,0,0,0,0,0,0
200579,2022Q1,0,12,14,3,0,9,18,25,18,24,10,37,0,12,13,4,10,50,59,52,44,53,32,34,0,0,0,0,0,0,0,0,0,0,0,0,0,0,0,0,0,0,0,0,0,0,0,0,36,0,53,0,0,0,0,0,0,0,0,0,0,9,10,2,0,8,10,13,13,18,8,28,0,9,11,4,8,32,43,36,33,40,24,27,0,0,0,0,0,0,0,0,0,0,0,0,0,0,0,0,0,0,0,0,0,0,0,0,26,0,33,0,0,0,0,0,0,0,0,0,0,0,0,0,0,0,0,0
321331,2022Q1,0,5,15,8,6,3,17,30,24,42,26,59,0,6,16,9,10,38,53,110,97,114,32,52,0,0,0,0,0,0,0,0,0,0,0,0,0,0,0,0,0,0,0,0,0,0,0,0,10,0,97,0,0,0,0,0,0,0,0,0,0,2,13,6,3,3,15,29,24,37,24,55,0,5,11,7,6,34,43,101,88,105,30,51,0,0,0,0,0,0,0,0,0,0,0,0,0,0,0,0,0,0,0,0,0,0,0,0,8,0,83,0,0,0,0,0,0,0,0,0,0,0,0,0,0,0,0,0
200655,2022Q1,0,18,10,4,4,6,16,29,32,18,17,32,1,14,13,8,8,73,133,120,68,43,22,46,0,0,0,0,0,0,0,0,0,0,0,0,0,0,0,0,0,0,0,0,0,0,0,0,52,0,220,0,0,0,0,0,0,0,0,0,0,8,5,3,4,4,16,26,29,18,15,26,1,10,7,5,8,60,113,112,59,39,20,43,0,0,0,0,0,0,0,0,0,0,0,0,0,0,0,0,0,0,0,0,0,0,0,0,41,0,190,0,0,0,0,0,0,0,0,0,0,0,0,0,0,0,0,0
200178,2022Q1,0,9,19,12,11,8,23,52,71,51,52,66,0,13,17,12,12,80,158,216,149,92,78,85,0,0,0,0,0,0,0,0,0,0,0,0,0,0,0,0,0,0,0,0,0,0,0,0,76,0,256,0,0,0,0,0,7,0,0,0,0,4,14,7,9,7,22,48,62,48,49,66,0,5,14,7,11,69,146,200,145,91,75,78,0,0,0,0,0,0,0,0,0,0,0,0,0,0,0,0,0,0,0,0,0,0,0,0,65,0,237,0,0,0,0,0,5,0,0,0,0,0,0,0,0,0,0,0
200451,2022Q1,0,3,8,3,0,2,16,24,28,35,14,41,0,7,8,8,8,39,52,62,50,40,20,45,0,0,0,0,0,0,0,0,0,0,0,0,0,0,0,0,0,0,0,0,0,0,0,0,23,0,99,0,0,0,0,0,1,0,0,0,0,2,6,3,0,2,16,23,25,34,13,39,0,4,7,7,7,36,46,61,49,37,20,44,0,0,0,0,0,0,0,0,0,0,0,0,0,0,0,0,0,0,0,0,0,0,0,0,21,0,94,0,0,0,0,0,1,0,0,0,0,0,0,0,0,0,0,0
200599,2022Q1,1,7,4,1,0,6,26,22,13,17,11,16,0,7,2,2,5,35,46,33,44,24,20,10,0,0,0,0,0,0,0,0,0,0,0,0,0,0,0,0,0,0,0,0,0,0,0,0,12,0,54,0,0,0,0,0,0,0,0,0,1,4,1,1,0,6,23,17,12,10,9,11,0,5,2,1,4,29,37,26,41,21,11,9,0,0,0,0,0,0,0,0,0,0,0,0,0,0,0,0,0,0,0,0,0,0,0,0,10,0,44,0,0,0,0,0,0,0,0,0,0,0,0,0,0,0,0,0
200531,2022Q1,2,19,47,52,32,15,71,175,212,199,176,302,1,30,56,61,61,259,551,582,539,400,242,373,0,0,0,0,0,0,0,0,0,0,0,0,0,0,0,0,0,0,0,0,0,0,0,0,156,0,764,0,0,0,2,0,3,0,0,0,2,14,41,45,23,13,67,158,205,189,168,290,1,20,51,54,50,236,520,546,519,385,235,359,0,0,0,0,0,0,0,0,0,0,0,0,0,0,0,0,0,0,0,0,0,0,0,0,142,0,713,0,0,0,2,0,3,0,0,0,0,0,0,0,0,0,0,0
200580,2022Q1,1,8,3,2,2,6,18,16,12,22,12,25,1,12,3,3,4,51,58,50,36,25,18,18,0,0,0,0,0,0,0,0,0,0,0,0,0,0,0,0,0,0,0,0,0,0,0,0,27,0,63,0,0,0,0,0,0,0,0,0,0,6,1,2,1,4,15,14,8,12,8,23,0,10,1,2,4,37,46,42,30,19,10,15,0,0,0,0,0,0,0,0,0,0,0,0,0,0,0,0,0,0,0,0,0,0,0,0,22,0,48,0,0,0,0,0,0,0,0,0,0,0,0,0,0,0,0,0
200524,2022Q1,0,6,1,4,0,9,21,48,47,27,37,48,1,6,11,3,15,62,118,86,67,54,39,66,0,0,0,0,0,0,0,0,0,0,0,0,0,0,0,0,0,0,0,0,0,0,0,0,35,0,105,0,0,0,0,0,0,0,0,0,0,5,1,4,0,9,21,47,46,27,37,48,1,6,11,3,15,60,117,86,67,52,39,64,0,0,0,0,0,0,0,0,0,0,0,0,0,0,0,0,0,0,0,0,0,0,0,0,35,0,104,0,0,0,0,0,0,0,0,0,0,0,0,0,0,0,0,0
200592,2022Q1,0,3,6,4,1,4,12,15,19,18,14,12,0,3,5,2,4,38,33,40,32,30,8,21,0,0,0,0,0,0,0,0,0,0,0,0,0,0,0,0,0,0,0,0,0,0,0,0,26,0,47,0,0,0,0,0,0,0,0,0,0,2,5,3,1,3,11,14,15,16,11,12,0,3,2,2,3,34,27,35,28,27,8,21,0,0,0,0,0,0,0,0,0,0,0,0,0,0,0,0,0,0,0,0,0,0,0,0,20,0,41,0,0,0,0,0,0,0,0,0,0,0,0,0,0,0,0,0
200600,2022Q1,0,9,9,6,2,6,15,28,25,32,13,21,0,4,7,5,9,57,74,87,64,47,24,48,0,0,0,0,0,0,0,0,0,0,0,0,0,0,0,0,0,0,0,0,0,0,0,0,31,0,123,0,0,0,0,0,11,0,0,0,0,6,8,3,2,5,14,27,24,25,9,17,0,2,6,3,7,45,68,72,55,42,23,43,0,0,0,0,0,0,0,0,0,0,0,0,0,0,0,0,0,0,0,0,0,0,0,0,29,0,98,0,0,0,0,0,10,0,0,0,0,0,0,0,0,0,0,0
200549,2022Q1,0,3,3,5,2,8,26,29,24,33,19,27,0,4,6,5,11,47,57,58,62,40,27,52,0,0,0,0,0,0,0,0,0,0,0,0,0,0,0,0,0,0,0,0,0,0,0,0,37,0,53,0,0,0,0,0,1,0,0,0,0,3,3,5,2,8,26,29,24,33,18,25,0,4,6,5,10,43,53,56,61,36,27,46,0,0,0,0,0,0,0,0,0,0,0,0,0,0,0,0,0,0,0,0,0,0,0,0,33,0,50,0,0,0,0,0,1,0,0,0,0,0,0,0,0,0,0,0
200521,2022Q1,0,1,6,4,2,4,11,21,17,11,13,23,0,2,4,3,3,39,62,42,43,30,10,31,0,0,0,0,0,0,0,0,0,0,0,0,0,0,0,0,0,0,0,0,0,0,0,0,13,0,89,0,0,0,0,0,0,0,0,0,0,1,5,2,1,3,11,19,14,9,11,23,0,2,1,3,3,34,54,41,43,28,10,28,0,0,0,0,0,0,0,0,0,0,0,0,0,0,0,0,0,0,0,0,0,0,0,0,12,0,81,0,0,0,0,0,0,0,0,0,0,0,0,0,0,0,0,0
200481,2022Q1,1,13,26,24,23,32,41,126,200,225,130,230,0,9,18,23,25,141,348,482,500,382,169,253,0,0,0,0,0,0,0,0,0,0,0,0,0,0,0,0,0,0,0,0,0,0,0,0,142,0,470,0,0,0,0,0,2,0,0,0,0,6,20,19,17,26,35,116,185,216,126,223,0,6,16,20,21,125,311,444,475,359,163,243,0,0,0,0,0,0,0,0,0,0,0,0,0,0,0,0,0,0,0,0,0,0,0,0,125,0,435,0,0,0,0,0,1,0,0,0,0,0,0,0,0,0,0,0
200494,2022Q1,1,38,56,56,65,81,184,417,589,504,318,501,3,38,78,90,100,499,1069,1118,1053,687,368,486,0,0,0,0,0,0,0,0,0,0,0,0,0,0,0,0,0,0,0,0,0,0,0,0,375,0,1131,0,0,0,29,0,282,0,0,0,1,37,51,49,59,76,168,387,552,476,303,483,3,35,74,80,93,460,993,1059,982,657,354,463,0,0,0,0,0,0,0,0,0,0,0,0,0,0,0,0,0,0,0,0,0,0,0,0,323,0,1062,0,0,0,25,0,278,0,0,0,0,0,0,0,0,0,0,0
201851,2022Q1,0,18,55,50,41,92,128,257,348,306,253,385,0,16,56,55,68,383,653,733,725,490,319,389,0,0,0,0,0,0,0,0,0,0,0,0,0,0,0,0,0,0,0,0,0,0,0,0,234,0,832,0,0,0,71,0,95,0,0,0,0,12,45,41,37,83,118,238,319,292,241,377,0,10,49,49,62,351,607,698,691,477,306,376,0,0,0,0,0,0,0,0,0,0,0,0,0,0,0,0,0,0,0,0,0,0,0,0,210,0,778,0,0,0,69,0,88,0,0,0,0,0,0,0,0,0,0,0
200457,2022Q1,0,9,36,38,19,34,87,195,259,216,120,218,0,27,41,46,52,234,461,511,481,306,168,253,0,0,0,0,0,0,0,0,0,0,0,0,0,0,0,0,0,0,0,0,0,0,0,0,210,0,691,0,0,0,0,0,74,0,0,0,0,3,28,27,14,27,74,162,225,189,113,201,0,17,30,42,39,196,400,469,436,288,155,235,0,0,0,0,0,0,0,0,0,0,0,0,0,0,0,0,0,0,0,0,0,0,0,0,178,0,625,0,0,0,0,0,66,0,0,0,0,0,0,0,0,0,0,0
99999,2022Q1,0,0,0,0,0,4,27,34,27,21,7,6,0,0,0,0,0,0,0,0,0,0,0,0,0,0,0,0,0,0,0,0,0,0,0,0,0,0,0,0,0,0,0,0,0,0,0,0,0,0,0,0,0,0,0,0,0,0,111,0,0,0,0,0,0,4,25,32,27,19,7,6,0,0,0,0,0,0,0,0,0,0,0,0,0,0,0,0,0,0,0,0,0,0,0,0,0,0,0,0,0,0,0,0,0,0,0,0,0,0,0,0,0,0,0,0,0,0,106,0,0,0,0,0,0,0,0,0
200614,2022Q1,0,25,51,71,52,81,213,374,563,447,417,769,0,32,60,89,72,311,796,924,977,771,569,795,0,0,0,0,0,0,0,0,0,0,0,0,0,0,0,0,0,0,0,0,0,0,0,0,368,0,952,0,9,0,85,0,152,0,45,0,0,12,40,62,42,78,188,330,525,426,391,742,0,17,50,68,57,272,731,852,923,727,549,773,0,0,0,0,0,0,0,0,0,0,0,0,0,0,0,0,0,0,0,0,0,0,0,0,327,0,877,0,9,0,75,0,139,0,40,0,0,0,0,0,0,0,0,0
200564,2022Q1,0,3,3,1,1,2,9,17,11,16,18,17,0,1,4,1,7,29,43,43,28,22,18,20,0,0,0,0,0,0,0,0,0,0,0,0,0,0,0,0,0,0,0,0,0,0,0,0,12,0,56,0,0,0,0,0,0,0,0,0,0,3,3,1,1,2,7,16,10,16,17,16,0,1,3,1,6,26,36,38,26,20,18,18,0,0,0,0,0,0,0,0,0,0,0,0,0,0,0,0,0,0,0,0,0,0,0,0,9,0,52,0,0,0,0,0,0,0,0,0,0,0,0,0,0,0,0,0
201858,2022Q1,0,5,2,1,2,1,4,8,9,7,2,4,0,3,7,1,5,30,32,39,28,11,10,8,0,0,0,0,0,0,0,0,0,0,0,0,0,0,0,0,0,0,0,0,0,0,0,0,13,0,61,0,0,0,0,0,0,0,0,0,0,3,2,1,1,1,4,8,7,6,2,4,0,0,6,1,3,23,24,32,22,9,10,8,0,0,0,0,0,0,0,0,0,0,0,0,0,0,0,0,0,0,0,0,0,0,0,0,8,0,46,0,0,0,0,0,0,0,0,0,0,0,0,0,0,0,0,0
200669,2022Q1,0,2,6,4,2,2,11,10,16,10,11,25,0,5,4,3,5,30,40,35,26,14,15,28,0,0,0,0,0,0,0,0,0,0,0,0,0,0,0,0,0,0,0,0,0,0,0,0,18,0,48,0,0,0,0,0,0,0,0,0,0,1,4,1,2,2,10,7,13,9,11,23,0,1,2,2,5,22,31,28,21,12,12,26,0,0,0,0,0,0,0,0,0,0,0,0,0,0,0,0,0,0,0,0,0,0,0,0,14,0,39,0,0,0,0,0,0,0,0,0,0,0,0,0,0,0,0,0
200557,2022Q1,0,7,16,14,4,3,7,16,18,26,36,70,0,8,13,21,10,36,74,108,112,114,94,112,0,0,0,0,0,0,0,0,0,0,0,0,0,0,0,0,0,0,0,0,0,0,0,0,47,0,163,0,0,0,0,0,1,0,0,0,0,4,11,10,3,1,6,12,18,23,35,65,0,3,11,14,4,31,66,100,103,103,87,105,0,0,0,0,0,0,0,0,0,0,0,0,0,0,0,0,0,0,0,0,0,0,0,0,41,0,144,0,0,0,0,0,1,0,0,0,0,0,0,0,0,0,0,0
321333,2022Q1,0,3,3,2,1,2,7,19,11,16,9,28,0,5,5,2,5,16,27,39,32,15,13,12,0,0,0,0,0,0,0,0,0,0,0,0,0,0,0,0,0,0,0,0,0,0,0,0,12,0,29,0,0,0,0,0,0,0,0,0,0,3,3,2,1,2,6,19,11,13,8,27,0,5,5,1,5,15,26,34,27,13,12,11,0,0,0,0,0,0,0,0,0,0,0,0,0,0,0,0,0,0,0,0,0,0,0,0,11,0,29,0,0,0,0,0,0,0,0,0,0,0,0,0,0,0,0,0
200629,2022Q1,0,13,20,11,6,6,11,29,20,27,25,40,0,8,13,9,17,58,77,88,77,64,33,66,0,0,0,0,0,0,0,0,0,0,0,0,0,0,0,0,0,0,0,0,0,0,0,0,27,0,184,0,0,0,0,0,0,0,0,0,0,4,8,7,0,4,8,21,18,21,21,35,0,5,8,5,11,40,62,68,64,52,29,59,0,0,0,0,0,0,0,0,0,0,0,0,0,0,0,0,0,0,0,0,0,0,0,0,19,0,144,0,0,0,0,0,0,0,0,0,0,0,0,0,0,0,0,0
200601,2022Q1,0,8,15,8,1,5,16,37,32,31,21,35,0,7,19,6,14,70,124,116,65,47,27,62,0,0,0,0,0,0,0,0,0,0,0,0,0,0,0,0,0,0,0,0,0,0,0,0,60,0,165,0,0,0,0,0,6,0,0,0,0,4,12,6,0,5,16,34,27,28,19,34,0,2,17,4,10,62,111,111,60,47,23,58,0,0,0,0,0,0,0,0,0,0,0,0,0,0,0,0,0,0,0,0,0,0,0,0,49,0,150,0,0,0,0,0,6,0,0,0,0,0,0,0,0,0,0,0
200517,2022Q1,0,8,28,31,6,14,26,74,69,63,47,108,2,8,38,21,33,124,243,244,190,127,60,105,0,0,0,0,0,0,0,0,0,0,0,0,0,0,0,0,0,0,0,0,0,0,0,0,119,0,365,0,1,0,0,0,16,0,4,0,0,4,20,28,6,12,26,64,66,58,45,101,2,6,35,16,28,113,232,221,170,118,54,97,0,0,0,0,0,0,0,0,0,0,0,0,0,0,0,0,0,0,0,0,0,0,0,0,106,0,338,0,1,0,0,0,11,0,4,0,0,0,0,0,0,0,0,0
200667,2022Q1,0,9,22,11,12,12,28,68,67,69,47,88,0,16,21,15,10,73,181,185,156,107,68,123,0,0,0,0,0,0,0,0,0,0,0,0,0,0,0,0,0,0,0,0,0,0,0,0,65,0,189,0,0,0,0,0,4,0,0,0,0,5,14,8,6,8,25,58,57,61,37,81,0,11,12,9,8,59,152,161,138,101,67,119,0,0,0,0,0,0,0,0,0,0,0,0,0,0,0,0,0,0,0,0,0,0,0,0,52,0,157,0,0,0,0,0,4,0,0,0,0,0,0,0,0,0,0,0
200456,2022Q1,0,5,3,1,0,10,16,35,30,31,17,21,0,5,10,4,15,118,184,170,109,50,17,10,0,0,0,0,0,0,0,0,0,0,0,0,0,0,0,0,0,0,0,0,0,0,0,0,47,0,369,0,0,0,0,0,20,0,0,0,0,4,2,1,0,9,14,32,28,29,17,18,0,2,10,3,13,104,172,159,104,49,17,10,0,0,0,0,0,0,0,0,0,0,0,0,0,0,0,0,0,0,0,0,0,0,0,0,46,0,344,0,0,0,0,0,14,0,0,0,0,0,0,0,0,0,0,0
200565,2022Q1,0,11,21,21,8,12,20,55,83,69,62,115,0,14,11,20,21,100,203,250,210,156,79,141,0,0,0,0,0,0,0,0,0,0,0,0,0,0,0,0,0,0,0,0,0,0,0,0,84,0,359,0,1,0,1,0,87,0,0,0,0,5,17,14,6,10,19,50,79,64,56,111,0,9,8,15,19,94,188,234,196,145,77,136,0,0,0,0,0,0,0,0,0,0,0,0,0,0,0,0,0,0,0,0,0,0,0,0,75,0,334,0,1,0,1,0,80,0,0,0,0,0,0,0,0,0,0,0
398330,2022Q1,1,8,31,16,10,13,47,90,114,91,59,99,0,12,30,24,21,126,251,261,224,173,92,125,0,0,0,0,0,0,0,0,0,0,0,0,0,0,0,0,0,0,0,0,0,0,0,0,70,0,279,0,0,0,0,0,1,0,0,0,0,5,28,16,9,12,44,82,107,85,58,92,0,7,26,19,19,111,229,253,220,169,89,122,0,0,0,0,0,0,0,0,0,0,0,0,0,0,0,0,0,0,0,0,0,0,0,0,62,0,270,0,0,0,0,0,1,0,0,0,0,0,0,0,0,0,0,0
200503,2022Q1,0,2,2,2,0,1,3,17,21,11,7,12,0,3,2,3,3,23,28,37,27,17,7,14,0,0,0,0,0,0,0,0,0,0,0,0,0,0,0,0,0,0,0,0,0,0,0,0,9,0,47,0,0,0,0,0,0,0,0,0,0,2,2,2,0,1,3,17,20,11,7,12,0,3,2,3,3,22,27,35,24,15,7,13,0,0,0,0,0,0,0,0,0,0,0,0,0,0,0,0,0,0,0,0,0,0,0,0,8,0,44,0,0,0,0,0,0,0,0,0,0,0,0,0,0,0,0,0
200471,2022Q1,0,7,12,10,12,23,48,76,103,90,70,93,1,11,13,22,25,96,214,212,161,115,82,72,0,0,0,0,0,0,0,0,0,0,0,0,0,0,0,0,0,0,0,0,0,0,0,0,39,0,234,0,2,0,0,0,4,0,1,0,0,6,12,10,11,22,47,75,97,89,67,92,1,10,12,21,24,91,205,203,157,112,80,70,0,0,0,0,0,0,0,0,0,0,0,0,0,0,0,0,0,0,0,0,0,0,0,0,36,0,226,0,2,0,0,0,3,0,1,0,0,0,0,0,0,0,0,0
200963,2022Q1,0,13,43,41,41,20,9,4,8,23,17,44,1,12,57,50,45,26,21,11,15,20,27,51,0,0,0,0,0,0,0,0,0,0,0,0,0,0,0,0,0,0,0,0,0,0,0,0,0,0,1,0,0,0,0,0,0,0,0,0,0,7,34,34,30,18,7,4,8,20,15,41,0,6,42,41,38,25,20,10,14,18,26,51,0,0,0,0,0,0,0,0,0,0,0,0,0,0,0,0,0,0,0,0,0,0,0,0,0,0,0,0,0,0,0,0,0,0,0,0,0,0,0,0,0,0,0,0
200577,2022Q1,0,20,26,25,16,25,54,95,113,95,83,157,1,15,31,18,44,155,256,280,220,209,124,192,0,0,0,0,0,0,0,0,0,0,0,0,0,0,0,0,0,0,0,0,0,0,0,0,208,0,340,0,0,0,0,0,1,0,10,0,0,5,17,18,9,23,50,83,99,83,74,142,0,6,13,11,29,119,208,241,187,176,110,176,0,0,0,0,0,0,0,0,0,0,0,0,0,0,0,0,0,0,0,0,0,0,0,0,151,0,278,0,0,0,0,0,1,0,10,0,0,0,0,0,0,0,0,0
200936,2022Q1,0,20,35,22,19,11,37,119,123,124,108,188,2,19,53,33,40,155,293,361,317,272,168,229,0,0,0,0,0,0,0,0,0,0,0,0,0,0,0,0,0,0,0,0,0,0,0,0,141,0,521,0,1,0,0,0,12,0,0,0,0,10,26,17,14,8,34,108,113,115,98,181,1,11,44,27,34,139,265,326,291,256,158,217,0,0,0,0,0,0,0,0,0,0,0,0,0,0,0,0,0,0,0,0,0,0,0,0,129,0,467,0,1,0,0,0,10,0,0,0,0,0,0,0,0,0,0,0
200939,2022Q1,0,6,22,22,10,16,44,56,77,79,67,125,0,6,21,23,26,102,183,232,241,208,132,179,0,0,0,0,0,0,0,0,0,0,0,0,0,0,0,0,0,0,0,0,0,0,0,0,65,0,226,0,0,0,0,0,5,0,0,0,0,3,18,19,8,14,42,54,73,71,66,118,0,5,19,21,22,90,175,215,227,196,125,167,0,0,0,0,0,0,0,0,0,0,0,0,0,0,0,0,0,0,0,0,0,0,0,0,56,0,220,0,0,0,0,0,5,0,0,0,0,0,0,0,0,0,0,0
200938,2022Q1,0,13,51,44,36,44,88,257,279,237,199,337,0,20,61,49,54,214,578,719,613,413,273,442,0,0,0,0,0,0,0,0,0,0,0,0,0,0,0,0,0,0,0,0,0,0,0,0,103,0,840,0,0,0,0,0,62,0,3,0,0,7,43,38,28,41,82,242,263,227,192,323,0,14,56,41,48,194,550,687,588,404,265,427,0,0,0,0,0,0,0,0,0,0,0,0,0,0,0,0,0,0,0,0,0,0,0,0,93,0,799,0,0,0,0,0,58,0,3,0,0,0,0,0,0,0,0,0
200958,2022Q1,0,9,16,43,28,4,4,3,3,9,3,26,0,5,25,48,38,11,3,6,12,23,24,18,0,0,0,0,0,0,0,0,0,0,0,0,0,0,0,0,0,0,0,0,0,0,0,0,1,0,1,0,0,0,0,0,0,0,0,0,0,9,16,37,28,4,4,3,3,9,3,25,0,5,25,45,37,9,3,6,12,23,24,18,0,0,0,0,0,0,0,0,0,0,0,0,0,0,0,0,0,0,0,0,0,0,0,0,1,0,1,0,0,0,0,0,0,0,0,0,0,0,0,0,0,0,0,0
200954,2022Q1,0,6,10,22,17,13,20,38,54,49,53,140,0,6,5,22,29,22,52,76,93,97,65,109,0,0,0,0,0,0,0,0,0,0,0,0,0,0,0,0,0,0,0,0,0,0,0,0,1,0,6,0,0,0,0,0,0,0,0,0,0,2,7,18,14,10,17,32,50,45,50,135,0,5,5,21,23,20,47,70,89,94,61,107,0,0,0,0,0,0,0,0,0,0,0,0,0,0,0,0,0,0,0,0,0,0,0,0,1,0,6,0,0,0,0,0,0,0,0,0,0,0,0,0,0,0,0,0
200957,2022Q1,0,1,1,4,5,8,5,19,41,50,43,89,0,0,2,2,11,14,20,27,48,63,42,75,0,0,0,0,0,0,0,0,0,0,0,0,0,0,0,0,0,0,0,0,0,0,0,0,1,0,1,0,0,0,0,0,0,0,0,0,0,1,1,4,3,6,4,19,39,42,40,86,0,0,2,2,10,13,20,24,45,59,42,73,0,0,0,0,0,0,0,0,0,0,0,0,0,0,0,0,0,0,0,0,0,0,0,0,1,0,1,0,0,0,0,0,0,0,0,0,0,0,0,0,0,0,0,0
200940,2022Q1,0,7,21,16,18,3,32,49,65,57,56,100,0,7,19,23,23,31,133,150,123,86,71,138,0,0,0,0,0,0,0,0,0,0,0,0,0,0,0,0,0,0,0,0,0,0,0,0,68,0,132,0,0,0,0,0,1,0,0,0,0,0,15,11,13,2,28,39,59,51,51,93,0,3,12,21,16,28,123,137,113,79,65,132,0,0,0,0,0,0,0,0,0,0,0,0,0,0,0,0,0,0,0,0,0,0,0,0,65,0,118,0,0,0,0,0,1,0,0,0,0,0,0,0,0,0,0,0
200914,2022Q1,0,9,11,22,14,3,22,56,79,89,77,184,0,5,11,22,23,37,85,138,168,155,141,160,0,0,0,0,0,0,0,0,0,0,0,0,0,0,0,0,0,0,0,0,0,0,0,0,1,0,0,0,0,0,0,0,2,0,2,0,0,4,6,17,11,3,21,51,75,83,72,174,0,4,4,19,21,32,75,131,157,146,138,155,0,0,0,0,0,0,0,0,0,0,0,0,0,0,0,0,0,0,0,0,0,0,0,0,1,0,0,0,0,0,0,0,2,0,2,0,0,0,0,0,0,0,0,0
200648,2022Q1,0,10,12,14,7,10,28,42,35,24,27,53,0,8,22,9,14,100,160,126,95,82,34,72,0,0,0,0,0,0,0,0,0,0,0,0,0,0,0,0,0,0,0,0,0,0,0,0,53,0,198,0,0,0,0,0,0,0,0,0,0,1,2,7,3,8,22,36,26,18,26,49,0,3,15,6,9,65,126,100,84,70,31,65,0,0,0,0,0,0,0,0,0,0,0,0,0,0,0,0,0,0,0,0,0,0,0,0,41,0,140,0,0,0,0,0,0,0,0,0,0,0,0,0,0,0,0,0
200941,2022Q1,1,40,34,18,14,21,55,96,113,92,89,136,2,39,39,26,35,223,428,352,210,218,91,154,0,0,0,0,0,0,0,0,0,0,0,0,0,0,0,0,0,0,0,0,0,0,0,0,183,0,422,0,0,0,1,0,12,0,0,0,0,12,14,11,10,15,45,79,87,74,73,115,1,19,19,17,19,156,327,285,171,186,75,134,0,0,0,0,0,0,0,0,0,0,0,0,0,0,0,0,0,0,0,0,0,0,0,0,125,0,344,0,0,0,1,0,8,0,0,0,0,0,0,0,0,0,0,0
201869,2022Q1,1,13,34,35,14,24,68,91,137,109,78,129,0,13,31,16,24,114,251,241,178,194,81,123,0,0,0,0,0,0,0,0,0,0,0,0,0,0,0,0,0,0,0,0,0,0,0,0,15,0,178,0,0,0,0,0,24,0,0,0,1,11,33,31,12,23,63,83,126,104,73,121,0,9,27,16,22,109,227,220,164,177,75,115,0,0,0,0,0,0,0,0,0,0,0,0,0,0,0,0,0,0,0,0,0,0,0,0,15,0,159,0,0,0,0,0,22,0,0,0,0,0,0,0,0,0,0,0
200942,2022Q1,0,14,31,28,10,13,35,79,99,97,81,104,0,17,34,34,22,198,262,341,246,219,108,124,0,0,0,0,0,0,0,0,0,0,0,0,0,0,0,0,0,0,0,0,0,0,0,0,116,0,316,0,0,0,0,0,104,0,0,0,0,3,14,20,6,8,21,60,73,76,66,81,0,8,19,24,15,162,222,296,211,187,90,100,0,0,0,0,0,0,0,0,0,0,0,0,0,0,0,0,0,0,0,0,0,0,0,0,107,0,274,0,0,0,0,0,82,0,0,0,0,0,0,0,0,0,0,0
200943,2022Q1,0,36,50,35,21,22,45,123,156,135,94,189,0,34,62,54,52,193,437,441,373,280,195,284,0,0,0,0,0,0,0,0,0,0,0,0,0,0,0,0,0,0,0,0,0,0,0,0,275,0,651,0,0,0,0,0,18,0,2,0,0,14,31,28,12,19,43,111,139,118,84,176,0,12,43,37,40,156,392,395,332,257,187,273,0,0,0,0,0,0,0,0,0,0,0,0,0,0,0,0,0,0,0,0,0,0,0,0,250,0,572,0,0,0,0,0,13,0,2,0,0,0,0,0,0,0,0,0
201647,2022Q1,0,4,17,18,14,16,62,136,153,146,83,147,0,7,15,17,40,147,295,272,263,167,120,151,0,0,0,0,0,0,0,0,0,0,0,0,0,0,0,0,0,0,0,0,0,0,0,0,63,0,274,0,0,0,0,0,0,0,0,0,0,3,15,16,8,14,55,122,144,134,82,142,0,5,13,14,39,132,278,255,249,158,115,147,0,0,0,0,0,0,0,0,0,0,0,0,0,0,0,0,0,0,0,0,0,0,0,0,55,0,253,0,0,0,0,0,0,0,0,0,0,0,0,0,0,0,0,0
200933,2022Q1,0,6,18,15,14,24,51,78,124,101,120,172,0,2,8,14,16,55,102,134,185,181,143,212,0,0,0,0,0,0,0,0,0,0,0,0,0,0,0,0,0,0,0,0,0,0,0,0,4,0,1,0,0,0,0,0,4,0,0,0,0,6,12,13,13,22,50,70,117,90,113,167,0,1,6,9,13,53,97,128,177,175,138,209,0,0,0,0,0,0,0,0,0,0,0,0,0,0,0,0,0,0,0,0,0,0,0,0,2,0,1,0,0,0,0,0,4,0,0,0,0,0,0,0,0,0,0,0
